Divipola;codmun;Departamento;Municipio;Total;Cabecera;Disperso;Area;Altura; La ; Lo 
5001;5001;Antioquia;Medellín;2427129;2382399;44730;387;1479,809937;6,2;-75,6
5002;5002;Antioquia;Abejorral;20367;7674;12693;497;2157,151611;5,8;-75,4
5004;5004;Antioquia;Abriaquí;2695;824;1871;293;1992,239746;6,6;-76,1
5021;5021;Antioquia;Alejandría;4657;2485;2172;151;1631,778442;6,4;-75,1
5030;5030;Antioquia;Amagá;30227;14184;16043;85;1402,969849;6;-75,7
5031;5031;Antioquia;Amalfi;25962;14508;11454;1224;1553,320679;6,9;-75,1
5034;5034;Antioquia;Andes;43269;20250;23019;449;1293,356567;5,7;-75,9
5036;5036;Antioquia;Angelópolis;5756;2168;3588;87;1873,00647;6,1;-75,7
5038;5038;Antioquia;Angostura;11437;2628;8809;392;1696,260132;6,9;-75,3
5040;5040;Antioquia;Anorí;18321;7634;10687;1447;1587,017822;7,1;-75,1
5042;5042;Antioquia;Santafé de Antioquia;26164;16351;9813;499;572,6455078;6,6;-75,8
5044;5044;Antioquia;Anza;7010;1258;5752;256;625,9290771;6,3;-75,9
5045;5045;Antioquia;Apartadó;121003;98454;22549;607;29,81542778;7,9;-76,6
5051;5051;Antioquia;Arboletes;29295;9747;19548;718;11,10187244;8,9;-76,4
5055;5055;Antioquia;Argelia;7689;3412;4277;257;1750,737061;5,7;-75,1
5059;5059;Antioquia;Armenia;5139;1716;3423;111;1807,898438;6,2;-75,8
5079;5079;Antioquia;Barbosa;51969;22174;29795;208;1282,856567;6,4;-75,3
5086;5086;Antioquia;Belmira;6000;1623;4377;279;2508,430664;6,6;-75,7
5088;5088;Antioquia;Bello;522264;495483;26781;151;1461,489258;6,3;-75,6
5091;5091;Antioquia;Betania;10323;3601;6722;170;1560,27832;5,7;-76
5093;5093;Antioquia;Betulia;15607;4274;11333;255;1639,702881;6,1;-76
5101;5101;Antioquia;Ciudad Bolívar;26118;15604;10514;285;1240,623901;5,9;-76
5107;5107;Antioquia;Briceño;8039;2552;5487;406;1234,196777;7,1;-75,6
5113;5113;Antioquia;Buriticá;9354;2235;7119;368;1603,236938;6,7;-75,9
5120;5120;Antioquia;Cáceres;28996;5355;23641;1996;97,1530304;7,6;-75,3
5125;5125;Antioquia;Caicedo;8297;1657;6640;224;1785,731689;6,4;-76
5129;5129;Antioquia;Caldas;79638;62987;16651;152;1739,507568;6,1;-75,6
5134;5134;Antioquia;Campamento;9203;2466;6737;202;1702,184937;7;-75,3
5138;5138;Antioquia;Cañasgordas;15523;5076;10447;396;1287,665894;6,8;-76
5142;5142;Antioquia;Caracolí;4582;2739;1843;263;617,2858887;6,4;-74,8
5145;5145;Antioquia;Caramanta;4743;2190;2553;87;2114,914551;5,5;-75,6
5147;5147;Antioquia;Carepa;47932;33009;14923;384;35,99022675;7,8;-76,7
5148;5148;Antioquia;El Carmen de Viboral;59416;34187;25229;453;2161,674316;6,1;-75,3
5150;5150;Antioquia;Carolina;3954;2929;1025;168;1784,324341;6,7;-75,3
5154;5154;Antioquia;Caucasia;90213;76772;13441;1058;56,12236404;8;-75,2
5172;5172;Antioquia;Chigorodó;57375;47046;10329;615;33,31145096;7,7;-76,7
5190;5190;Antioquia;Cisneros;9775;8415;1360;47;1037,391113;6,5;-75,1
5197;5197;Antioquia;Cocorná;15444;6293;9151;221;1294,508911;6,1;-75,2
5206;5206;Antioquia;Concepción;4797;1908;2889;169;1829,685547;6,4;-75,3
5209;5209;Antioquia;Concordia;21377;7349;14028;234;1950,601807;6;-75,9
5212;5212;Antioquia;Copacabana;77884;62343;15541;71;1507,137573;6,4;-75,5
5234;5234;Antioquia;Dabeiba;23044;9042;14002;1905;417,5454712;7;-76,3
5237;5237;Antioquia;Don Matías;18902;12081;6821;183;2158,996826;6,5;-75,4
5240;5240;Antioquia;Ebéjico;12158;2229;9929;238;1156,52417;6,3;-75,8
5250;5250;Antioquia;El Bagre;51862;32823;19039;1951;51,65923691;7,6;-74,8
5264;5264;Antioquia;Entrerrios;11159;5643;5516;222;2300,843262;6,6;-75,5
5266;5266;Antioquia;Envigado;228848;215766;13082;51;1569,911743;6,2;-75,6
5282;5282;Antioquia;Fredonia;24408;8031;16377;250;1800,891479;5,9;-75,7
5284;5284;Antioquia;Frontino;20739;8639;12100;1278;1338,790527;6,8;-76,1
5306;5306;Antioquia;Giraldo;5544;2061;3483;97;1972,619385;6,7;-76
5308;5308;Antioquia;Girardota;51662;28652;23010;79;1408,556641;6,4;-75,4
5310;5310;Antioquia;Gómez Plata;9753;5017;4736;364;1848,265259;6,7;-75,2
5313;5313;Antioquia;Granada;10117;5541;4576;185;2127,914551;6,1;-75,2
5315;5315;Antioquia;Guadalupe;6560;2223;4337;88;1843,309814;6,8;-75,2
5318;5318;Antioquia;Guarne;55121;18342;36779;153;2139,82666;6,3;-75,4
5321;5321;Antioquia;Guatapé;8363;5420;2943;70;1934,289795;6,2;-75,2
5347;5347;Antioquia;Heliconia;5451;2318;3133;118;1399,691406;6,2;-75,7
5353;5353;Antioquia;Hispania;5469;3416;2053;59;981,1425781;5,8;-75,9
5360;5360;Antioquia;Itagui;276744;247918;28826;17;1577,947144;6,2;-75,6
5361;5361;Antioquia;Ituango;27074;7074;20000;2375;1587,08606;7,2;-75,8
5364;5364;Antioquia;Jardín;14518;7659;6859;227;1773,015015;5,6;-75,8
5368;5368;Antioquia;Jericó;13640;7619;6021;195;1983,651123;5,8;-75,8
5376;5376;Antioquia;La Ceja;64889;54820;10069;133;2138,68335;6;-75,4
5380;5380;Antioquia;La Estrella;71545;60997;10548;35;1711,828979;6,1;-75,6
5390;5390;Antioquia;La Pintada;8114;7060;1054;55;590,5940552;5,7;-75,6
5400;5400;Antioquia;La Unión;21475;12724;8751;200;2474,081543;6;-75,4
5411;5411;Antioquia;Liborina;10028;2296;7732;220;704,7393188;6,7;-75,8
5425;5425;Antioquia;Maceo;8221;3093;5128;436;944,9021606;6,6;-74,8
5440;5440;Antioquia;Marinilla;64645;44230;20415;116;2118,666504;6,2;-75,3
5467;5467;Antioquia;Montebello;6680;1866;4814;84;2331,332275;5,9;-75,5
5475;5475;Antioquia;Murindó;4911;1760;3151;1365;8;7;-76,8
5480;5480;Antioquia;Mutatá;13991;5091;8900;1119;133,6243744;7,2;-76,4
5483;5483;Antioquia;Nariño;10153;3116;7037;317;1619,137085;5,6;-75,2
5490;5490;Antioquia;Necoclí;42281;10955;31326;1377;25,20912361;8,4;-76,8
5495;5495;Antioquia;Nechí;25790;13174;12616;925;30,69469643;8,1;-74,8
5501;5501;Antioquia;Olaya;3127;217;2910;91;440,6173096;6,6;-75,8
5541;5541;Antioquia;Peñol;21049;11022;10027;145;1957,152954;6,2;-75,2
5543;5543;Antioquia;Peque;8097;2296;5801;397;1195,383423;7;-75,9
5576;5576;Antioquia;Pueblorrico;8664;4450;4214;86;1804,6875;5,8;-75,8
5579;5579;Antioquia;Puerto Berrío;39314;32623;6691;1198;98,61203003;6,5;-74,4
5585;5585;Antioquia;Puerto Nare;14380;4381;9999;668;128,797226;6,2;-74,6
5591;5591;Antioquia;Puerto Triunfo;18055;2926;15129;365;149,3918457;5,9;-74,6
5604;5604;Antioquia;Remedios;28415;11632;16783;2008;723,6679688;7;-74,7
5607;5607;Antioquia;Retiro;23514;12479;11035;276;2154,378174;6,1;-75,5
5615;5615;Antioquia;Rionegro;135465;83007;52458;198;2087,960205;6,1;-75,4
5628;5628;Antioquia;Sabanalarga;9032;2955;6077;268;840,7562866;6,8;-75,8
5631;5631;Antioquia;Sabaneta;82375;70401;11974;15;1597,372803;6,2;-75,6
5642;5642;Antioquia;Salgar;18258;6718;11540;423;1205,219604;6;-76
5647;5647;Antioquia;San Andrés de Cuerquía;7235;2848;4387;179;1511,432983;6,9;-75,7
5649;5649;Antioquia;San Carlos;16247;7362;8885;710;990,0544434;6,2;-75
5652;5652;Antioquia;San Francisco;5648;2486;3162;368;1268,9552;6;-75,1
5656;5656;Antioquia;San Jerónimo;15361;6704;8657;157;733,4807739;6,4;-75,7
5658;5658;Antioquia;San José de La Montaña;3646;2353;1293;173;2589,297119;6,8;-75,7
5659;5659;Antioquia;San Juan de Urabá;20093;6624;13469;241;19,02976227;8,8;-76,5
5660;5660;Antioquia;San Luis;12995;7408;5587;458;1085,261597;6;-75
5664;5664;Antioquia;San Pedro;21949;11756;10193;232;2468,495361;6,5;-75,6
5665;5665;Antioquia;San Pedro de Uraba;30932;12494;18438;482;138,4117279;8,3;-76,4
5667;5667;Antioquia;San Rafael;15698;7891;7807;366;990,8253784;6,3;-75
5670;5670;Antioquia;San Roque;21519;6481;15038;446;1424,48938;6,5;-75
5674;5674;Antioquia;San Vicente;22093;5464;16629;246;2144,467041;6,3;-75,3
5679;5679;Antioquia;Santa Bárbara;26784;12083;14701;188;1786,967163;5,9;-75,6
5686;5686;Antioquia;Santa Rosa de Osos;36318;19896;16422;822;2585,753662;6,6;-75,5
5690;5690;Antioquia;Santo Domingo;12394;2808;9586;274;1965,366577;6,5;-75,2
5697;5697;Antioquia;El Santuario;35422;24614;10808;76;2122,114258;6,1;-75,3
5736;5736;Antioquia;Segovia;37900;30133;7767;1246;679,3842163;7,1;-74,7
5756;5756;Antioquia;Sonson;36321;17169;19152;1339;2492,682617;5,7;-75,3
5761;5761;Antioquia;Sopetrán;15053;6522;8531;226;746,6903076;6,5;-75,7
5789;5789;Antioquia;Támesis;16281;7256;9025;246;1638,670898;5,7;-75,7
5790;5790;Antioquia;Tarazá;26964;12657;14307;1578;92,86894226;7,6;-75,4
5792;5792;Antioquia;Tarso;6184;3324;2860;120;1331,265381;5,9;-75,8
5809;5809;Antioquia;Titiribí;10775;4591;6184;144;1540,22168;6,1;-75,8
5819;5819;Antioquia;Toledo;4993;1700;3293;141;1825,049072;7;-75,7
5837;5837;Antioquia;Turbo;124552;48787;75765;3090;3,620131731;8,1;-76,7
5842;5842;Antioquia;Uramita;6888;2111;4777;239;648,6364746;6,9;-76,2
5847;5847;Antioquia;Urrao;30127;15918;14209;2585;1844,536377;6,3;-76,1
5854;5854;Antioquia;Valdivia;13801;3637;10164;551;163,0170135;7,3;-75,4
5856;5856;Antioquia;Valparaíso;6498;3639;2859;132;1351,362793;5,6;-75,6
5858;5858;Antioquia;Vegachí;11810;8055;3755;518;974,5042725;6,8;-74,8
5861;5861;Antioquia;Venecia;11602;5089;6513;143;1321,27124;6;-75,7
5873;5873;Antioquia;Vigía del Fuerte;9093;3102;5991;1801;10,68099689;6,6;-76,9
5885;5885;Antioquia;Yalí;7608;3587;4021;483;1236,949585;6,7;-74,8
5887;5887;Antioquia;Yarumal;41542;29049;12493;733;2245,875732;7;-75,4
5890;5890;Antioquia;Yolombó;22538;6768;15770;952;1427,63623;6,6;-75
5893;5893;Antioquia;Yondó;19040;9640;9400;1903;72,65550232;7;-73,9
5895;5895;Antioquia;Zaragoza;24651;11173;13478;1077;73,98529816;7,5;-74,9
8001;8001;Atlántico;Barranquilla;1206319;1205284;1035;166;58,30686569;11;-74,8
8078;8078;Atlántico;Baranoa;62382;51730;10652;127;120;10,8;-74,9
8137;8137;Atlántico;Campo de La Cruz;22879;19961;2918;105;10;10,4;-74,9
8141;8141;Atlántico;Candelaria;15982;11461;4521;143;13,68493748;10,5;-74,9
8296;8296;Atlántico;Galapa;60708;56167;4541;98;83,72449493;10,9;-74,9
8372;8372;Atlántico;Juan de Acosta;20999;13095;7904;176;48,88129044;10,8;-75
8421;8421;Atlántico;Luruaco;28175;14251;13924;247;35,37318802;10,6;-75,1
8433;8433;Atlántico;Malambo;128203;119878;8325;108;18;10,9;-74,8
8436;8436;Atlántico;Manatí;19808;17499;2309;206;10,81447506;10,4;-75
8520;8520;Atlántico;Palmar de Varela;28932;27728;1204;94;9,51433754;10,7;-74,8
8549;8549;Atlántico;Piojó;6608;2812;3796;258;308,9294739;10,7;-75,1
8558;8558;Atlántico;Polonuevo;18197;15111;3086;73;86,89161682;10,8;-74,9
8560;8560;Atlántico;Ponedera;23848;13652;10196;204;15,07255936;10,6;-74,8
8573;8573;Atlántico;Puerto Colombia;49264;42803;6461;73;18,57044983;11;-75
8606;8606;Atlántico;Repelón;26200;17608;8592;363;13;10,5;-75,1
8634;8634;Atlántico;Sabanagrande;32334;30739;1595;43;9,37019825;10,8;-74,8
8638;8638;Atlántico;Sabanalarga;93261;69230;24031;399;103,3432465;10,6;-74,9
8675;8675;Atlántico;Santa Lucía;16023;13676;2347;50;10,20936871;10,3;-75
8685;8685;Atlántico;Santo Tomás;29829;28095;1734;67;10,3853569;10,8;-74,8
8758;8758;Atlántico;Soledad;603999;602644;1355;67;45,94266891;10,9;-74,8
8770;8770;Atlántico;Suan;11940;11239;701;42;9,5831213;10,3;-74,9
8832;8832;Atlántico;Tubará;17377;8774;8603;176;240,229599;10,9;-75
8849;8849;Atlántico;Usiacurí;12250;11394;856;103;105,4387131;10,7;-75
11001;11001;Bogotá, D.C.;Bogotá, D.C.;7412566;7387400;25166;1605;2554,609619;4,7;-74,1
13001;13001;Bolívar;Cartagena;973045;876885;96160;559;17,06512833;10,4;-75,5
13006;13006;Bolívar;Achí;24352;5648;18704;1025;21,07227516;8,6;-74,6
13030;13030;Bolívar;Altos del Rosario;10972;4001;6971;304;29,44365883;8,8;-74,2
13042;13042;Bolívar;Arenal;7365;4496;2869;459;40,1589241;8,5;-73,9
13052;13052;Bolívar;Arjona;69503;55134;14369;566;56,52939987;10,3;-75,3
13062;13062;Bolívar;Arroyohondo;8254;4719;3535;162;29,62220001;10,3;-75
13074;13074;Bolívar;Barranco de Loba;14836;5722;9114;416;24,86688805;8,9;-74,1
13140;13140;Bolívar;Calamar;22474;12718;9756;246;11,1675272;10,2;-74,9
13160;13160;Bolívar;Cantagallo;8234;4520;3714;870;56,39030457;7,4;-73,9
13188;13188;Bolívar;Cicuco;13442;8758;4684;132;9,778133392;9,3;-74,6
13212;13212;Bolívar;Córdoba;15960;4206;11754;573;18,92250252;9,6;-74,8
13222;13222;Bolívar;Clemencia;14511;12169;2342;84;63,77223969;10,6;-75,3
13244;13244;Bolívar;El Carmen de Bolívar;70131;50844;19287;900;187,6463165;9,7;-75,1
13248;13248;Bolívar;El Guamo;8647;4748;3899;371;72,8249588;10;-75
13268;13268;Bolívar;El Peñón;7651;2886;4765;327;34,28139877;9;-73,9
13300;13300;Bolívar;Hatillo de Loba;12317;3166;9151;196;28,04360199;9;-74,1
13430;13430;Bolívar;Magangué;133270;92316;40954;1102;21,53323936;9,2;-74,8
13433;13433;Bolívar;Mahates;27692;10402;17290;430;6,833404541;10,2;-75,2
13440;13440;Bolívar;Margarita;10673;1860;8813;263;22,07964516;9,2;-74,3
13442;13442;Bolívar;María La Baja;46112;20451;25661;517;15,92897987;10;-75,3
13458;13458;Bolívar;Montecristo;16389;4076;12313;2089;43,11212158;8,3;-74,5
13468;13468;Bolívar;Mompós;44442;23090;21352;630;21,32403564;9,2;-74,4
13473;13473;Bolívar;Morales;22259;7293;14966;1306;40,32849503;8,3;-73,9
13490;13490;Bolívar;Norosí;9212;2314;6898;0;48,87520599;8,5;-74
13549;13549;Bolívar;Pinillos;24218;3718;20500;741;16,45562172;8,9;-74,5
13580;13580;Bolívar;Regidor;6723;4223;2500;180;35,4505043;8,7;-73,8
13600;13600;Bolívar;Río Viejo ;10598;5071;5527;829;36,33003616;8,6;-73,8
13620;13620;Bolívar;San Cristóbal;8054;6221;1833;43;8,526221275;10,4;-75,1
13647;13647;Bolívar;San Estanislao;18251;12528;5723;208;20,14670944;10,4;-75,2
13650;13650;Bolívar;San Fernando;12536;2147;10389;288;23,28869629;9,2;-74,3
13654;13654;Bolívar;San Jacinto;23913;20711;3202;434;252,2171326;9,8;-75,1
13655;13655;Bolívar;San Jacinto del Cauca;9935;2566;7369;428;28;8,2;-74,7
13657;13657;Bolívar;San Juan Nepomuceno;36874;27379;9495;637;172,9465179;10;-75,1
13667;13667;Bolívar;San Martín de Loba;14774;7051;7723;414;32,3008461;8,9;-74
13670;13670;Bolívar;San Pablo;27190;20829;6361;1977;61,71686172;7,5;-73,9
13673;13673;Bolívar;Santa Catalina;14563;5666;8897;139;36,66009521;10,6;-75,3
13683;13683;Bolívar;Santa Rosa;20963;19356;1607;151;37,07180405;10,4;-75,4
13688;13688;Bolívar;Santa Rosa del Sur;32646;19214;13432;2360;633,317749;8;-74,1
13744;13744;Bolívar;Simití;18110;6063;12047;1345;48,62559128;8;-73,9
13760;13760;Bolívar;Soplaviento;10650;10455;195;88;6;10,4;-75,1
13780;13780;Bolívar;Talaigua Nuevo;13108;6278;6830;261;18,9174881;9,3;-74,6
13810;13810;Bolívar;Tiquisio;18035;6167;11868;758;22,71814346;8,6;-74,3
13836;13836;Bolívar;Turbaco;105166;97294;7872;196;182,2662201;10,3;-75,4
13838;13838;Bolívar;Turbaná;16403;12428;3975;148;83,20284271;10,3;-75,4
13873;13873;Bolívar;Villanueva;23777;20769;3008;134;99,91399384;10,4;-75,3
13894;13894;Bolívar;Zambrano;11880;10507;1373;287;15;9,7;-74,8
15001;15001;Boyacá;Tunja;172548;163894;8654;118;2694,815186;5,5;-73,4
15022;15022;Boyacá;Almeida;1910;321;1589;57;1931,143311;5;-73,4
15047;15047;Boyacá;Aquitania;15377;5777;9600;876;3037,516357;5,5;-72,9
15051;15051;Boyacá;Arcabuco;5831;2378;3453;137;2563,843994;5,8;-73,4
15087;15087;Boyacá;Belén;7481;4495;2986;143;2642,278809;6;-72,9
15090;15090;Boyacá;Berbeo;1596;406;1190;67;1335,310059;5,2;-73,1
15092;15092;Boyacá;Betéitiva;1963;327;1636;124;2591,041016;5,9;-72,8
15097;15097;Boyacá;Boavita;5059;2305;2754;146;2189,549072;6,3;-72,6
15104;15104;Boyacá;Boyacá;5089;761;4328;48;2409,677979;5,5;-73,4
15106;15106;Boyacá;Briceño;2198;487;1711;49;1353,487305;5,7;-73,9
15109;15109;Boyacá;Buenavista;4409;757;3652;111;865,4155884;5,7;-74,3
15114;15114;Boyacá;Busbanzá;1118;432;686;25;2470,970215;5,8;-72,9
15131;15131;Boyacá;Caldas;3143;245;2898;88;2666,375;5,6;-73,9
15135;15135;Boyacá;Campohermoso;3121;767;2354;302;1109,192261;5;-73,1
15162;15162;Boyacá;Cerinza;3713;1653;2060;72;2727,85376;6;-72,9
15172;15172;Boyacá;Chinavita;3209;1231;1978;128;1756,857056;5,2;-73,4
15176;15176;Boyacá;Chiquinquirá;56054;49016;7038;171;2554,276611;5,6;-73,8
15180;15180;Boyacá;Chiscas;3994;879;3115;664;2369,782715;6,6;-72,5
15183;15183;Boyacá;Chita;8045;1976;6069;614;2953,730713;6,2;-72,5
15185;15185;Boyacá;Chitaraque;5830;1158;4672;155;1567,110107;6;-73,4
15187;15187;Boyacá;Chivatá;2788;470;2318;51;2921,41333;5,6;-73,3
15189;15189;Boyacá;Ciénega;4635;1207;3428;55;2462,527588;5,4;-73,3
15204;15204;Boyacá;Cómbita;12970;1286;11684;149;2820,162842;5,6;-73,3
15212;15212;Boyacá;Coper;3619;862;2757;172;968,055481;5,5;-74
15215;15215;Boyacá;Corrales;2498;1561;937;59;2396,441895;5,8;-72,8
15218;15218;Boyacá;Covarachía;2806;492;2314;104;2324,232666;6,5;-72,7
15223;15223;Boyacá;Cubará;10319;2182;8137;1166;356,8120422;7;-72,1
15224;15224;Boyacá;Cucaita;3725;1457;2268;43;2633,888428;5,5;-73,5
15226;15226;Boyacá;Cuítiva;1798;251;1547;43;2724,992432;5,6;-73
15232;15232;Boyacá;Chíquiza;4684;332;4352;117;2610,895264;5,6;-73,5
15236;15236;Boyacá;Chivor;2479;681;1798;111;1791,442017;4,9;-73,4
15238;15238;Boyacá;Duitama;122436;107520;14916;229;2532,821533;5,8;-73
15244;15244;Boyacá;El Cocuy;4215;2206;2009;191;2708,751465;6,4;-72,4
15248;15248;Boyacá;El Espino;3061;1358;1703;70;2150,078369;6,5;-72,4
15272;15272;Boyacá;Firavitoba;6662;2497;4165;108;2492,019531;5,7;-73
15276;15276;Boyacá;Floresta;3266;1152;2114;92;2502,94873;5,9;-72,9
15293;15293;Boyacá;Gachantivá;2789;557;2232;88;2377,294922;5,8;-73,5
15296;15296;Boyacá;Gameza;4850;1327;3523;117;2742,293701;5,8;-72,8
15299;15299;Boyacá;Garagoa;17932;12358;5574;210;1660,64209;5,1;-73,4
15317;15317;Boyacá;Guacamayas;1865;624;1241;59;2199,510986;6,5;-72,5
15322;15322;Boyacá;Guateque;10699;7631;3068;37;1795,487549;5;-73,5
15325;15325;Boyacá;Guayatá;3400;1117;2283;81;1693,90271;5;-73,5
15332;15332;Boyacá;Güicán;4279;1353;2926;917;2884,921143;6,5;-72,4
15362;15362;Boyacá;Iza;1947;1160;787;34;2525,82666;5,6;-73
15367;15367;Boyacá;Jenesano;7200;1696;5504;53;2077,15918;5,4;-73,4
15368;15368;Boyacá;Jericó;3929;1201;2728;117;3073,065918;6,1;-72,6
15377;15377;Boyacá;Labranzagrande;3526;1128;2398;686;1114,951416;5,6;-72,6
15380;15380;Boyacá;La Capilla;2689;1012;1677;54;1754,790894;5,1;-73,4
15401;15401;Boyacá;La Victoria;1118;400;718;111;1476,286377;5,5;-74,2
15403;15403;Boyacá;La Uvita;2999;1277;1722;177;2375,101318;6,3;-72,6
15407;15407;Boyacá;Villa de Leyva;16139;7897;8242;121;2123,200684;5,6;-73,5
15425;15425;Boyacá;Macanal;4976;1134;3842;198;1686,695557;5;-73,3
15442;15442;Boyacá;Maripí;5741;762;4979;112;1271,066772;5,5;-74
15455;15455;Boyacá;Miraflores;8847;5270;3577;265;1511,062622;5,2;-73,1
15464;15464;Boyacá;Mongua;4636;1992;2644;354;2971,364502;5,8;-72,8
15466;15466;Boyacá;Monguí;4234;2327;1907;70;2918,874512;5,7;-72,8
15469;15469;Boyacá;Moniquirá;22572;11539;11033;220;1671,070679;5,9;-73,6
15476;15476;Boyacá;Motavita;5569;742;4827;61;2898,64624;5,6;-73,4
15480;15480;Boyacá;Muzo;8597;5392;3205;136;836,7310181;5,5;-74,1
15491;15491;Boyacá;Nobsa;15976;5026;10950;53;2487,005127;5,8;-72,9
15494;15494;Boyacá;Nuevo Colón;5121;993;4128;50;2467,40332;5,4;-73,5
15500;15500;Boyacá;Oicatá;2821;400;2421;62;2714,493652;5,6;-73,3
15507;15507;Boyacá;Otanche;8018;3449;4569;501;1029,933228;5,7;-74,2
15511;15511;Boyacá;Pachavita;2467;520;1947;67;1983,502441;5,1;-73,4
15514;15514;Boyacá;Páez;3283;1353;1930;326;1293,589844;5,1;-73,1
15516;15516;Boyacá;Paipa;33535;20021;13514;395;2517,813721;5,8;-73,1
15518;15518;Boyacá;Pajarito;2390;960;1430;322;793;5,3;-72,7
15522;15522;Boyacá;Panqueba;1717;810;907;38;2242,01123;6,4;-72,5
15531;15531;Boyacá;Pauna;7185;2073;5112;260;1122,435791;5,7;-74
15533;15533;Boyacá;Paya;2593;481;2112;584;981,9812012;5,6;-72,4
15537;15537;Boyacá;Paz de Río;4285;2788;1497;117;2210,180664;6;-72,7
15542;15542;Boyacá;Pesca;6852;2245;4607;247;2633,450439;5,6;-73,1
15550;15550;Boyacá;Pisba;1763;527;1236;298;1505,88208;5,7;-72,5
15572;15572;Boyacá;Puerto Boyacá;46736;32979;13757;1472;146,5230865;6;-74,6
15580;15580;Boyacá;Quípama;4889;1326;3563;184;1263,040283;5,5;-74,2
15599;15599;Boyacá;Ramiriquí;9887;4053;5834;139;2310,724609;5,4;-73,3
15600;15600;Boyacá;Ráquira;7877;2217;5660;233;2158,38208;5,5;-73,6
15621;15621;Boyacá;Rondón;2407;600;1807;159;2094,707764;5,4;-73,2
15632;15632;Boyacá;Saboyá;13588;978;12610;251;2612,89502;5,7;-73,8
15638;15638;Boyacá;Sáchica;5452;2567;2885;61;2155,103271;5,6;-73,5
15646;15646;Boyacá;Samacá;18298;7075;11223;150;2601,39917;5,5;-73,5
15660;15660;Boyacá;San Eduardo;1701;732;969;106;1714,004639;5,2;-73,1
15664;15664;Boyacá;San José de Pare;4988;978;4010;77;1517,721436;6;-73,5
15667;15667;Boyacá;San Luis de Gaceno;5499;2444;3055;247;398,3636169;4,8;-73,2
15673;15673;Boyacá;San Mateo;3332;1163;2169;132;2229,953125;6,4;-72,6
15676;15676;Boyacá;San Miguel de Sema;3009;412;2597;70;2605,333008;5,5;-73,7
15681;15681;Boyacá;San Pablo de Borbur;6608;745;5863;165;675,9059448;5,7;-74,1
15686;15686;Boyacá;Santana;7565;2525;5040;73;1591,355713;6,1;-73,5
15690;15690;Boyacá;Santa María;3559;2107;1452;532;825,7979736;4,9;-73,3
15693;15693;Boyacá;Santa Rosa de Viterbo;13066;7937;5129;107;2750,786865;5,9;-73
15696;15696;Boyacá;Santa Sofía;3179;1019;2160;82;2360,877441;5,7;-73,6
15720;15720;Boyacá;Sativanorte;2221;680;1541;162;2605,190918;6,1;-72,7
15723;15723;Boyacá;Sativasur;1097;302;795;62;2605,460938;6,1;-72,7
15740;15740;Boyacá;Siachoque;6729;1117;5612;167;2761,834473;5,5;-73,2
15753;15753;Boyacá;Soatá;9066;6407;2659;111;1965,834106;6,3;-72,7
15755;15755;Boyacá;Socotá;7298;1428;5870;617;2380,162354;6;-72,6
15757;15757;Boyacá;Socha;7938;4236;3702;163;2668,029297;6;-72,7
15759;15759;Boyacá;Sogamoso;127235;111815;15420;214;2492,895264;5,7;-72,9
15761;15761;Boyacá;Somondoco;2910;655;2255;68;1687,757202;5;-73,4
15762;15762;Boyacá;Sora;3019;486;2533;46;2675,256348;5,6;-73,5
15763;15763;Boyacá;Sotaquirá;8162;905;7257;286;2672,575439;5,8;-73,2
15764;15764;Boyacá;Soracá;5954;1461;4493;57;2805,474121;5,5;-73,3
15774;15774;Boyacá;Susacón;2717;604;2113;193;2484,574951;6,2;-72,7
15776;15776;Boyacá;Sutamarchán;6092;2103;3989;103;2095,963379;5,6;-73,6
15778;15778;Boyacá;Sutatenza;4233;732;3501;41;1939,588745;5;-73,5
15790;15790;Boyacá;Tasco;5882;1625;4257;210;2544,960938;5,9;-72,8
15798;15798;Boyacá;Tenza;3851;1127;2724;49;1560,00708;5,1;-73,4
15804;15804;Boyacá;Tibaná;9051;1729;7322;133;2100,935791;5,3;-73,4
15806;15806;Boyacá;Tibasosa;12940;4238;8702;95;2749,453857;5,7;-73
15808;15808;Boyacá;Tinjacá;3266;737;2529;90;2114,584473;5,6;-73,6
15810;15810;Boyacá;Tipacoque;3323;937;2386;73;1868,306519;6,4;-72,7
15814;15814;Boyacá;Toca;8767;4209;4558;168;2748,470459;5,6;-73,2
15816;15816;Boyacá;Togüí;4335;617;3718;113;1650,875488;5,4;-73,5
15820;15820;Boyacá;Tópaga;3617;1054;2563;33;2896,69873;5,8;-72,8
15822;15822;Boyacá;Tota;5179;854;4325;216;2870,500732;5,6;-73
15832;15832;Boyacá;Tununguá;1540;256;1284;54;1262,265869;5,7;-73,9
15835;15835;Boyacá;Turmequé;6118;2072;4046;80;2364,01123;5,3;-73,5
15837;15837;Boyacá;Tuta;8266;2320;5946;165;2578,418213;5,7;-73,2
15839;15839;Boyacá;Tutazá;2040;169;1871;127;2872,743408;6;-72,9
15842;15842;Boyacá;Umbita;7530;1019;6511;130;2479,432617;5,2;-73,5
15861;15861;Boyacá;Ventaquemada;15706;2345;13361;151;2663,55542;5,4;-73,5
15879;15879;Boyacá;Viracachá;2837;426;2411;64;2539,946533;5,4;-73,3
15897;15897;Boyacá;Zetaquira;4629;1163;3466;255;1668,991699;5,3;-73,2
17001;17001;Caldas;Manizales;434403;405234;29169;477;2106,382324;5,1;-75,5
17013;17013;Caldas;Aguadas;22823;11532;11291;510;2171,486816;5,6;-75,5
17042;17042;Caldas;Anserma;36149;20284;15865;228;1798,742065;5,2;-75,8
17050;17050;Caldas;Aranzazu;10557;6825;3732;157;1906,634033;5,3;-75,5
17088;17088;Caldas;Belalcázar;10660;4583;6077;121;1403,389038;5;-75,8
17174;17174;Caldas;Chinchiná;51271;44570;6701;114;1381,6698;5;-75,6
17272;17272;Caldas;Filadelfia;11451;3877;7574;215;1578,559082;5,3;-75,6
17380;17380;Caldas;La Dorada;71905;62536;9369;574;180,8951416;5,5;-74,7
17388;17388;Caldas;La Merced;6003;2151;3852;100;1819,765015;5,4;-75,5
17433;17433;Caldas;Manzanares;17928;10221;7707;195;1913,94043;5,3;-75,2
17442;17442;Caldas;Marmato;8888;964;7924;41;1344,803833;5,5;-75,6
17444;17444;Caldas;Marquetalia;13245;6348;6897;94;1515,599365;5,3;-75,1
17446;17446;Caldas;Marulanda;2607;823;1784;374;2851,698975;5,3;-75,3
17486;17486;Caldas;Neira;21024;11564;9460;393;1958,652588;5,2;-75,5
17495;17495;Caldas;Norcasia;6022;4007;2015;226;737,2767334;5,6;-74,9
17513;17513;Caldas;Pácora;15325;7430;7895;283;1813,309692;5,5;-75,5
17524;17524;Caldas;Palestina;15555;4963;10592;119;1605,077881;5;-75,6
17541;17541;Caldas;Pensilvania;19908;7706;12202;573;2056,86377;5,4;-75,2
17614;17614;Caldas;Riosucio;50775;18077;32698;422;1793,352173;5,4;-75,7
17616;17616;Caldas;Risaralda;10815;4217;6598;101;1704,947021;5,2;-75,8
17653;17653;Caldas;Salamina;19467;11359;8108;411;1822,147095;5,4;-75,5
17662;17662;Caldas;Samaná;20454;5924;14530;796;1455,580566;5,4;-75
17665;17665;Caldas;San José;4835;1282;3553;61;1778,889404;5,1;-75,8
17777;17777;Caldas;Supía;28642;13493;15149;124;1182,203247;5,5;-75,7
17867;17867;Caldas;Victoria;10157;4296;5861;577;700,9906006;5,3;-74,9
17873;17873;Caldas;Villamaría;64652;55894;8758;480;1904,007568;5;-75,5
17877;17877;Caldas;Viterbo;12734;10705;2029;122;974,5093384;5,1;-75,9
18001;18001;Caquetá;Florencia;168346;147939;20407;2292;266,9007263;1,6;-75,6
18029;18029;Caquetá;Albania;4675;2060;2615;417;276,8791504;1,3;-75,9
18094;18094;Caquetá;Belén de Los Andaquies;11021;6753;4268;1095;306,5183105;1,4;-75,9
18150;18150;Caquetá;Cartagena del Chairá;30399;15434;14965;13161;221,5522919;1,3;-74,8
18205;18205;Caquetá;Curillo;7593;5262;2332;459;227,7582397;1;-75,9
18247;18247;Caquetá;El Doncello;19294;13522;5772;1027;358,7800293;1,7;-75,3
18256;18256;Caquetá;El Paujil;18036;8858;9178;1336;345,2810669;1,6;-75,3
18410;18410;Caquetá;La Montañita;14714;2467;12247;2001;241,3315277;1,5;-75,4
18460;18460;Caquetá;Milán;9723;1001;8722;1366;232,5569305;1,3;-75,5
18479;18479;Caquetá;Morelia;3698;2007;1691;440;256,7424316;1,5;-75,7
18592;18592;Caquetá;Puerto Rico;26517;14464;12053;2791;256,8609924;1,9;-75,2
18610;18610;Caquetá;San José del Fragua;12797;6292;6505;1227;374,8437805;1,3;-76
18753;18753;Caquetá;San Vicente del Caguán;50719;23432;27287;17873;260,9074097;2,1;-74,8
18756;18756;Caquetá;Solano;11214;2782;8432;41653;203,6662598;0,7;-75,3
18785;18785;Caquetá;Solita;6216;3672;2544;747;211,2617035;0,9;-75,6
18860;18860;Caquetá;Valparaíso;6887;2336;4551;1080;230,3255768;1,2;-75,7
19001;19001;Cauca;Popayán;318059;266561;51498;464;1728,915894;2,4;-76,6
19022;19022;Cauca;Almaguer;18449;1346;17103;224;2205,352295;1,9;-76,9
19050;19050;Cauca;Argelia;26144;2700;23444;674;1254,549438;2,3;-77,2
19075;19075;Cauca;Balboa;21108;5393;15715;329;1615,349487;2;-77,2
19100;19100;Cauca;Bolívar;38048;5020;33028;717;1179,211548;2;-77
19110;19110;Cauca;Buenos Aires;31436;1218;30218;410;1219,5625;3;-76,6
19130;19130;Cauca;Cajibío;42014;2202;39812;526;1810,080811;2,6;-76,6
19137;19137;Cauca;Caldono;39946;2174;37772;373;1658,677124;2,8;-76,5
19142;19142;Cauca;Caloto;30181;5297;24884;302;1103,0271;3;-76,4
19212;19212;Cauca;Corinto;25286;12880;12406;294;1066,119385;3,2;-76,3
19256;19256;Cauca;El Tambo;53891;3003;50888;2615;1729,143188;2,5;-76,8
19290;19290;Cauca;Florencia;5202;1224;3978;56;1603,375732;1,7;-77,1
19300;19300;Cauca;Guachené ;19671;6480;13191;0;995,8721313;3,1;-76,4
19318;19318;Cauca;Guapi;27616;13932;13684;2885;4,147883892;2,6;-77,9
19355;19355;Cauca;Inzá;28879;1308;27571;685;1805,751709;2,6;-76,1
19364;19364;Cauca;Jambaló;17841;1895;15946;252;2311,227783;2,8;-76,3
19392;19392;Cauca;La Sierra;10749;1822;8927;203;1780,473633;2,2;-76,8
19397;19397;Cauca;La Vega;24501;1040;23461;492;2216,697021;2;-76,8
19418;19418;Cauca;López;18580;1875;16705;3297;35,00283432;2,8;-77,2
19450;19450;Cauca;Mercaderes;22688;5953;16735;640;1160,145386;1,8;-77,2
19455;19455;Cauca;Miranda;31360;17930;13430;212;1095,978882;3,3;-76,2
19473;19473;Cauca;Morales;38838;2472;36366;418;1672,359985;2,8;-76,6
19513;19513;Cauca;Padilla;9937;4478;5459;68;997,2630615;3,2;-76,3
19517;19517;Cauca;Paez;45776;2971;42805;1599;2164,626953;2,7;-76
19532;19532;Cauca;Patía;36848;13781;23067;723;616,916626;2,1;-77,1
19533;19533;Cauca;Piamonte;8811;2109;6702;1162;336,869873;1,1;-76,3
19548;19548;Cauca;Piendamó;40818;14271;26547;171;1863,99939;2,6;-76,5
19573;19573;Cauca;Puerto Tejada;41615;36266;5349;92;967,0587769;3,2;-76,4
19585;19585;Cauca;Puracé;17272;1697;15575;783;2425,262451;2,3;-76,5
19622;19622;Cauca;Rosas;11475;1087;10388;130;1712,225098;2,3;-76,7
19693;19693;Cauca;San Sebastián;10948;668;10280;389;2106,628906;1,8;-76,8
19698;19698;Cauca;Santander de Quilichao;110445;52246;58199;444;1054,065308;3;-76,5
19701;19701;Cauca;Santa Rosa;5339;672;4667;3009;1720,713257;1,7;-76,6
19743;19743;Cauca;Silvia;37337;4492;32845;582;2491,324219;2,6;-76,4
19760;19760;Cauca;Sotara;13939;571;13368;449;2728,416748;2,3;-76,6
19780;19780;Cauca;Suárez;31904;6380;25524;370;1076,793213;3;-76,7
19785;19785;Cauca;Sucre;9489;1633;7856;128;1119,640503;2;-76,9
19807;19807;Cauca;Timbío;35479;14562;20917;169;1790,116089;2,4;-76,7
19809;19809;Cauca;Timbiquí;26100;6266;19834;2002;1,466843009;2,8;-77,7
19821;19821;Cauca;Toribio;35218;2441;32777;412;1682,98938;3;-76,3
19824;19824;Cauca;Totoró;24558;1319;23239;384;2579,328369;2,5;-76,4
19845;19845;Cauca;Villa Rica;20693;14267;6426;77;1677,46167;2,5;-76,8
20001;20001;Cesar;Valledupar;490075;431794;58281;4225;168,3176727;10,5;-73,2
20011;20011;Cesar;Aguachica;109621;95851;13770;917;164,0922394;8,3;-73,6
20013;20013;Cesar;Agustín Codazzi;60768;48157;12611;1739;132,0841064;10;-73,2
20032;20032;Cesar;Astrea;20120;10468;9652;583;88,53119659;9,5;-74
20045;20045;Cesar;Becerril;21611;16123;5488;1206;113,0198746;9,7;-73,3
20060;20060;Cesar;Bosconia;40022;37676;2346;578;79,34712982;10;-73,9
20175;20175;Cesar;Chimichagua;34169;13721;20448;1425;35,24480057;9,3;-73,8
20178;20178;Cesar;Chiriguaná;27694;16576;11118;1015;33,62010574;9,4;-73,6
20228;20228;Cesar;Curumaní;37399;26422;10977;914;57,98223877;9,2;-73,5
20238;20238;Cesar;El Copey;30159;22469;7690;985;147,2930145;10,1;-74
20250;20250;Cesar;El Paso;37531;6922;30609;864;40,98880768;9,7;-73,7
20295;20295;Cesar;Gamarra;14973;9828;5145;356;41,88207626;8,3;-73,7
20310;20310;Cesar;González;4379;1414;2965;76;1307,49585;8,4;-73,4
20383;20383;Cesar;La Gloria;17150;6034;11116;789;32,15710068;8,6;-73,8
20400;20400;Cesar;La Jagua de Ibirico;46722;35513;11209;752;139,2732391;9,6;-73,3
20443;20443;Cesar;Manaure;10047;8389;1658;144;752,6008301;10,4;-73
20517;20517;Cesar;Pailitas;18566;13838;4728;521;71,43637848;9;-73,6
20550;20550;Cesar;Pelaya;20683;14363;6320;438;72,1079483;8,7;-73,7
20570;20570;Cesar;Pueblo Bello;27007;8556;18451;859;1127,496216;10,4;-73,6
20614;20614;Cesar;Río de Oro;16837;7859;8978;621;1191,405518;8,3;-73,4
20621;20621;Cesar;La Paz;27759;19622;8137;1351;1571,488892;10,3;-73
20710;20710;Cesar;San Alberto;26247;20857;5390;568;117,0422745;7,8;-73,4
20750;20750;Cesar;San Diego;19022;10517;8505;614;168,1018066;10,3;-73,2
20770;20770;Cesar;San Martín;26674;14370;12304;853;108,5229111;8;-73,5
20787;20787;Cesar;Tamalameque;15339;6072;9267;512;31,69238472;8,9;-73,8
23001;23001;Córdoba ;Montería;490935;388499;102436;3043;19,45729065;8,8;-75,9
23068;23068;Córdoba ;Ayapel;46968;27626;19342;1929;22,45509338;8,3;-75,1
23079;23079;Córdoba ;Buenavista;21078;7755;13323;847;55,77777863;8,7;-75,3
23090;23090;Córdoba ;Canalete;15353;3840;11513;394;51,75747299;8,8;-76,2
23162;23162;Córdoba ;Cereté;105815;59224;46591;266;17,03522491;8,9;-75,8
23168;23168;Córdoba ;Chimá;17529;3817;13712;335;8,520841599;9,1;-75,6
23182;23182;Córdoba ;Chinú;47917;20083;27834;624;118,8388214;9,1;-75,4
23189;23189;Córdoba ;Ciénaga de Oro;59086;22469;36617;644;11,29409409;8,9;-75,6
23300;23300;Córdoba ;Cotorra;19041;5939;13102;79;9,195971489;9;-75,8
23350;23350;Córdoba ;La Apartada;14866;11380;3486;268;42,19414902;8;-75,3
23417;23417;Córdoba ;Lorica;113909;53420;60489;890;10,98285866;9,2;-75,8
23419;23419;Córdoba ;Los Córdobas;18717;3768;14949;430;8,140016556;8,9;-76,4
23464;23464;Córdoba ;Momil;19590;11825;7765;152;11,23558331;9,2;-75,7
23466;23466;Córdoba ;Montelíbano;81641;61589;20052;1800;45,3418808;8;-75,4
23500;23500;Córdoba ;Moñitos;29833;6325;23508;206;3,711857557;9,2;-76,1
23555;23555;Córdoba ;Planeta Rica;64205;41228;22977;1188;90,03477478;8,4;-75,6
23570;23570;Córdoba ;Pueblo Nuevo;35655;10167;25488;819;118,6662521;8,5;-75,5
23574;23574;Córdoba ;Puerto Escondido;23649;4209;19440;417;23,00094795;9;-76,3
23580;23580;Córdoba ;Puerto Libertador;41873;13220;28653;2062;71,73397827;7,9;-75,7
23586;23586;Córdoba ;Purísima;17206;7217;9989;122;9,15402317;9,2;-75,7
23660;23660;Córdoba ;Sahagún;107636;53725;53911;993;84,25406647;9;-75,4
23670;23670;Córdoba ;San Andrés Sotavento;48610;9750;38860;217;114,7535477;9,1;-75,5
23672;23672;Córdoba ;San Antero;33878;15995;17883;205;41,59775543;9,4;-75,8
23675;23675;Córdoba ;San Bernardo del Viento;37007;9091;27916;318;8,309711456;9,4;-76
23678;23678;Córdoba ;San Carlos;26954;4629;22325;505;15;8,8;-75,7
23682;23682;Córdoba ;San José de Uré(1);13345;5160;8185;0;97;7,8;-75,5
23686;23686;Córdoba ;San Pelayo;51838;9105;42733;470;14,88876343;9;-75,8
23807;23807;Córdoba ;Tierralta;92349;42254;50095;4728;49,71282196;8,2;-76,1
23815;23815;Córdoba ;Tuchín;52606;7576;45030;0;50,69185638;9,2;-75,6
23855;23855;Córdoba ;Valencia;35694;16434;19260;968;60,73175049;8,3;-76,1
25001;25001;Cundinamarca;Agua de Dios;11685;9113;2572;87;383,8335876;4,4;-74,7
25019;25019;Cundinamarca;Albán;6438;1715;4723;53;2238,811768;4,9;-74,4
25035;25035;Cundinamarca;Anapoima;14519;5801;8718;130;685,7658691;4,5;-74,5
25040;25040;Cundinamarca;Anolaima;13816;4327;9489;122;1671,051147;4,8;-74,5
25053;25053;Cundinamarca;Arbeláez;10860;4326;6534;162;1369,521973;4,3;-74,4
25086;25086;Cundinamarca;Beltrán;1789;362;1427;211;230,2248688;4,8;-74,7
25095;25095;Cundinamarca;Bituima;2467;451;2016;61;1370,879639;4,9;-74,5
25099;25099;Cundinamarca;Bojacá;9913;7680;2233;106;2582,214355;4,7;-74,3
25120;25120;Cundinamarca;Cabrera;4722;1114;3608;449;1846,431519;4;-74,5
25123;25123;Cundinamarca;Cachipay;9972;3511;6461;56;392,2262878;5,3;-74,6
25126;25126;Cundinamarca;Cajicá;82244;54111;28133;53;2561,389404;4,9;-74
25148;25148;Cundinamarca;Caparrapí;12569;3083;9486;641;1262,087646;5,3;-74,5
25151;25151;Cundinamarca;Caqueza;17099;7552;9547;106;1696,230713;4,4;-73,9
25154;25154;Cundinamarca;Carmen de Carupa;7580;2093;5487;295;2962,645996;5,3;-73,9
25168;25168;Cundinamarca;Chaguaní;4182;952;3230;167;1026,810547;4,9;-74,6
25175;25175;Cundinamarca;Chía;132181;105509;26672;76;2548,303711;4,9;-74
25178;25178;Cundinamarca;Chipaque;9467;2697;6770;130;2451,957764;4,4;-74
25181;25181;Cundinamarca;Choachí;10961;4160;6801;209;1925,287964;4,5;-73,9
25183;25183;Cundinamarca;Chocontá;20568;10554;10014;302;2640,422607;5,1;-73,7
25200;25200;Cundinamarca;Cogua;22067;7653;14414;132;2612,838379;5,1;-74
25214;25214;Cundinamarca;Cota;32691;20462;12229;52;2560,99585;4,8;-74,1
25224;25224;Cundinamarca;Cucunubá;7626;1131;6495;110;2557,666992;5,3;-73,8
25245;25245;Cundinamarca;El Colegio;23886;10251;13635;114;377,0233459;4,6;-74,9
25258;25258;Cundinamarca;El Peñón;4681;577;4104;133;1337,799805;5,2;-74,3
25260;25260;Cundinamarca;El Rosal;22065;18958;3107;88;2613,182861;4,9;-74,3
25269;25269;Cundinamarca;Facatativá;139441;125348;14093;160;2588,166992;4,8;-74,4
25279;25279;Cundinamarca;Fomeque;11986;5203;6783;478;1889,821167;4,5;-73,9
25281;25281;Cundinamarca;Fosca;5784;1367;4417;115;2112,075928;4,3;-73,9
25286;25286;Cundinamarca;Funza;93154;90671;2483;71;2547,553223;4,7;-74,2
25288;25288;Cundinamarca;Fúquene;4904;168;4736;87;2853,887939;5,4;-73,8
25290;25290;Cundinamarca;Fusagasugá;138498;114722;23776;206;1727,394165;4,3;-74,4
25293;25293;Cundinamarca;Gachala;4436;1546;2890;441;1716,05835;4,7;-73,5
25295;25295;Cundinamarca;Gachancipá;17026;11252;5774;44;2566,056885;5;-73,9
25297;25297;Cundinamarca;Gachetá;8425;3388;5037;257;1737,547852;4,8;-73,6
25299;25299;Cundinamarca;Gama;3120;710;2410;107;2164,783203;4,8;-73,6
25307;25307;Cundinamarca;Girardot;101018;95427;5591;130;284,0657959;4,3;-74,8
25312;25312;Cundinamarca;Granada;7179;1840;5339;60;2336,200928;4,5;-74,4
25317;25317;Cundinamarca;Guachetá;13285;5928;7357;179;2680,688965;5,4;-73,7
25320;25320;Cundinamarca;Guaduas;30524;13614;16910;773;991,1811523;5,1;-74,6
25322;25322;Cundinamarca;Guasca;15348;6121;9227;346;2675,06958;4,9;-73,9
25324;25324;Cundinamarca;Guataquí;2848;1204;1644;91;254,4288177;4,5;-74,8
25326;25326;Cundinamarca;Guatavita;6325;2212;4113;249;2700,86499;4,9;-73,8
25328;25328;Cundinamarca;Guayabal de Siquima;4444;1018;3426;59;1609,415161;4,9;-74,5
25335;25335;Cundinamarca;Guayabetal;6232;1967;4265;212;974,982666;4,2;-73,8
25339;25339;Cundinamarca;Gutiérrez;3410;983;2427;427;2299,386963;4,3;-74
25368;25368;Cundinamarca;Jerusalén;2281;800;1481;236;302,2400208;4,6;-74,7
25372;25372;Cundinamarca;Junín;5823;833;4990;337;2331,176758;4,8;-73,7
25377;25377;Cundinamarca;La Calera;29868;13470;16398;340;2688,032471;4,7;-74
25386;25386;Cundinamarca;La Mesa;32694;16854;15840;151;1274,041504;4,6;-74,5
25394;25394;Cundinamarca;La Palma;9467;4125;5342;191;1446,548828;5,4;-74,4
25398;25398;Cundinamarca;La Peña;5911;1023;4888;132;1236,241333;5,2;-74,4
25402;25402;Cundinamarca;La Vega;16986;6213;10773;155;1157,633301;5;-74,3
25407;25407;Cundinamarca;Lenguazaque;10080;2798;7282;160;2578,415527;5,3;-73,7
25426;25426;Cundinamarca;Macheta;6124;1584;4540;224;2103,311279;5,1;-73,6
25430;25430;Cundinamarca;Madrid;112254;102710;9544;120;2549,063965;4,7;-74,3
25436;25436;Cundinamarca;Manta;3737;990;2747;103;1905,423462;5;-73,5
25438;25438;Cundinamarca;Medina;8014;4103;3911;1192;532,2978516;4,5;-73,3
25473;25473;Cundinamarca;Mosquera;130221;128012;2209;107;2544,722656;4,7;-74,2
25483;25483;Cundinamarca;Nariño;2333;1641;692;54;261,4160156;4,4;-74,8
25486;25486;Cundinamarca;Nemocón;13171;6389;6782;99;2586,092773;5,1;-73,9
25488;25488;Cundinamarca;Nilo;10819;2752;8067;220;336,541687;4,3;-74,6
25489;25489;Cundinamarca;Nimaima;3589;685;2904;62;1104,567139;5,1;-74,4
25491;25491;Cundinamarca;Nocaima;6092;1918;4174;71;1125,261353;5,1;-74,4
25506;25506;Cundinamarca;Venecia;4218;1202;3016;112;1637,446045;4,1;-74,5
25513;25513;Cundinamarca;Pacho;24413;12714;11699;402;1808,88208;5,1;-74,2
25518;25518;Cundinamarca;Paime;4186;507;3679;171;968,5708008;5,4;-74,2
25524;25524;Cundinamarca;Pandi;4973;1097;3876;77;933,4855347;4,2;-74,5
25530;25530;Cundinamarca;Paratebueno;8328;3455;4873;893;257,1332092;4,4;-73,2
25535;25535;Cundinamarca;Pasca;9105;2763;6342;277;2176,513428;4,3;-74,3
25572;25572;Cundinamarca;Puerto Salgar;15453;11082;4371;530;175,568985;5,5;-74,7
25580;25580;Cundinamarca;Pulí;3327;679;2648;178;1280,409912;4,7;-74,7
25592;25592;Cundinamarca;Quebradanegra;4724;426;4298;79;1359,37854;5,1;-74,5
25594;25594;Cundinamarca;Quetame;5072;1358;3714;138;1475,044312;4,3;-73,9
25596;25596;Cundinamarca;Quipile;6291;656;5635;128;2126,862305;4,7;-74,6
25599;25599;Cundinamarca;Apulo;8192;3539;4653;119;419,5814209;4,5;-74,6
25612;25612;Cundinamarca;Ricaurte;12881;6867;6014;131;284;4,3;-74,8
25645;25645;Cundinamarca;San Antonio del Tequendama;11870;907;10963;86;1479,086548;4,6;-74,4
25649;25649;Cundinamarca;San Bernardo;8487;3488;4999;216;1767,261963;4,2;-74,4
25653;25653;Cundinamarca;San Cayetano;4846;601;4245;297;2149,602783;5,3;-74,1
25658;25658;Cundinamarca;San Francisco;10755;4384;6371;119;1486,875;5;-74,3
25662;25662;Cundinamarca;San Juan de Río Seco;8181;2986;5195;327;1267,753906;4,8;-74,6
25718;25718;Cundinamarca;Sasaima;10711;2555;8156;111;1179,432495;5;-74,4
25736;25736;Cundinamarca;Sesquilé;11423;3425;7998;143;2593,474609;5;-73,8
25740;25740;Cundinamarca;Sibaté;33491;23644;9847;120;2581,256836;4,5;-74,3
25743;25743;Cundinamarca;Silvania;21625;6881;14744;165;1401,172241;4,4;-74,4
25745;25745;Cundinamarca;Simijaca;12847;7407;5440;99;2564,580078;5,5;-73,9
25754;25754;Cundinamarca;Soacha;660179;655025;5154;187;2554,186279;4,6;-74,2
25758;25758;Cundinamarca;Sopó;25782;17435;8347;113;2570,462891;4,9;-73,9
25769;25769;Cundinamarca;Subachoque;15690;7250;8440;207;2657,248535;4,9;-74,2
25772;25772;Cundinamarca;Suesca;17021;7443;9578;176;2584,128906;5,1;-73,8
25777;25777;Cundinamarca;Supatá;5203;1638;3565;128;1794,677734;5,1;-74,2
25779;25779;Cundinamarca;Susa;6454;2175;4279;111;2561,965576;5,5;-73,8
25781;25781;Cundinamarca;Sutatausa;5887;1885;4002;67;2599,449951;5,2;-73,9
25785;25785;Cundinamarca;Tabio;21665;6317;15348;74;2589,185547;4,9;-74,1
25793;25793;Cundinamarca;Tausa;8067;1370;6697;194;2936,614258;5,2;-73,9
25797;25797;Cundinamarca;Tena;9567;596;8971;54;1352,219971;4,7;-74,4
25799;25799;Cundinamarca;Tenjo;21935;8624;13311;117;2583,087646;4,9;-74,1
25805;25805;Cundinamarca;Tibacuy;4335;549;3786;84;1632,076416;4,3;-74,5
25807;25807;Cundinamarca;Tibirita;3158;520;2638;57;1963,55127;5,1;-73,5
25815;25815;Cundinamarca;Tocaima;15735;9589;6146;238;399,0836182;4,5;-74,6
25817;25817;Cundinamarca;Tocancipá;39996;15355;24641;72;2567,407471;5;-73,9
25823;25823;Cundinamarca;Topaipí;4139;674;3465;162;1308,051514;5,3;-74,3
25839;25839;Cundinamarca;Ubalá;7717;1432;6285;551;1942,433594;4,7;-73,5
25841;25841;Cundinamarca;Ubaque;6727;1094;5633;117;1821,270142;4,5;-73,9
25843;25843;Cundinamarca;Villa de San Diego de Ubate;42558;31042;11516;106;2561,524658;5,3;-73,8
25845;25845;Cundinamarca;Une;6945;3618;3327;213;2375,15918;4,4;-74
25851;25851;Cundinamarca;Útica;4246;2406;1840;94;505,2014465;5,2;-74,5
25862;25862;Cundinamarca;Vergara;6847;1213;5634;146;1535,91626;5,1;-74,3
25867;25867;Cundinamarca;Vianí;4339;1449;2890;68;1474,637695;4,9;-74,6
25871;25871;Cundinamarca;Villagómez;1758;610;1148;66;1666,475708;5,3;-74,2
25873;25873;Cundinamarca;Villapinzón;17187;6373;10814;235;2726,655029;5,2;-73,6
25875;25875;Cundinamarca;Villeta;26873;17985;8888;142;802,1741333;5;-74,5
25878;25878;Cundinamarca;Viotá;13234;4286;8948;208;566,7455444;4,4;-74,5
25885;25885;Cundinamarca;Yacopí;12322;2848;9474;960;1286,099121;5,5;-74,3
25898;25898;Cundinamarca;Zipacón;4659;1228;3431;55;2543,304443;4,8;-74,4
25899;25899;Cundinamarca;Zipaquirá;130537;106461;24076;194;2574,192871;5;-74
27001;27001;Chocó;Quibdó;129237;113124;16113;3075;51,39971542;5,7;-76,6
27006;27006;Chocó;Acandí;13999;6895;7104;869;8,328149796;8,5;-77,3
27025;27025;Chocó;Alto Baudo;27584;3356;24228;1532;81,36088562;5,7;-77,1
27050;27050;Chocó;Atrato;6063;2858;3205;415;23,33241844;6,8;-76,9
27073;27073;Chocó;Bagadó;11011;2589;8422;770;106,105278;5,4;-76,4
27075;27075;Chocó;Bahía Solano;10123;6172;3951;976;7,151190758;6,2;-77,4
27077;27077;Chocó;Bajo Baudó;29957;7041;22916;3630;458,8751831;5,3;-77,3
27099;27099;Chocó;Bojaya;12073;1158;10915;3546;254,5437164;6,5;-77,1
27135;27135;Chocó;El Cantón del San Pablo;6116;2844;3272;379;52,46175385;5,3;-76,7
27150;27150;Chocó;Carmen del Darien;18433;2276;16157;3197;38,91080093;5,7;-76,7
27160;27160;Chocó;Cértegui;5635;3321;2314;301;103,9203568;5,4;-76,6
27205;27205;Chocó;Condoto;12663;9696;2967;626;73,32076263;5,1;-76,7
27245;27245;Chocó;El Carmen de Atrato;8193;2510;5683;931;1728,485962;5,9;-76,1
27250;27250;Chocó;El Litoral del San Juan;21669;1843;19826;3756;130,1545868;4,2;-76,7
27361;27361;Chocó;Istmina;30742;22258;8484;2000;49,86132813;5,2;-76,7
27372;27372;Chocó;Juradó;6685;2511;4174;1353;3,468847513;7,1;-77,8
27413;27413;Chocó;Lloró;9786;3376;6410;841;99,99088287;5,5;-76,5
27425;27425;Chocó;Medio Atrato;10672;944;9728;1842;34,16702271;6;-76,7
27430;27430;Chocó;Medio Baudó;15109;2307;12802;1386;12,41908741;5,1;-77
27450;27450;Chocó;Medio San Juan;10579;2622;7957;620;54,30887985;5,1;-76,7
27491;27491;Chocó;Nóvita;9153;3498;5655;1158;52,5969696;5;-76,6
27495;27495;Chocó;Nuquí;16223;1685;14538;1033;2,94244957;5,7;-77,3
27580;27580;Chocó;Río Iro;5467;1539;3928;304;171,6018372;5,2;-76,5
27600;27600;Chocó;Río Quito;8236;2335;5901;700;79,99698639;5,5;-76,8
27615;27615;Chocó;Riosucio;53449;14299;39150;7046;3,937688112;7,4;-77,1
27660;27660;Chocó;San José del Palmar;5114;1355;3759;940;1350,678955;5;-76,2
27745;27745;Chocó;Sipí;3174;742;2432;1274;44,9836235;4,7;-76,6
27787;27787;Chocó;Tadó;18011;10753;7258;576;78,372612;5,3;-76,6
27800;27800;Chocó;Unguía;12854;4343;8511;1307;16,68133736;8;-77,1
27810;27810;Chocó;Unión Panamericana;6816;2944;3872;147;113,7589569;5,3;-76,6
41001;41001;Huila;Neiva;357392;335994;21398;1468;456,1582947;2,9;-75,3
41006;41006;Huila;Acevedo;24774;4640;20134;700;1154,994385;1,8;-75,9
41013;41013;Huila;Agrado;8800;5664;3136;286;854,3710938;2,3;-75,8
41016;41016;Huila;Aipe;16163;10553;5610;862;398,4570313;3,2;-75,2
41020;41020;Huila;Algeciras;22481;10806;11675;672;1001,936523;2,5;-75,3
41026;41026;Huila;Altamira;4275;2425;1850;201;1038,308594;2,1;-75,8
41078;41078;Huila;Baraya;8338;3975;4363;737;607,1211548;3,2;-75,1
41132;41132;Huila;Campoalegre;31087;23787;7300;485;533,1582642;2,7;-75,3
41206;41206;Huila;Colombia;7285;2205;5080;1538;776,5678711;3,4;-74,8
41244;41244;Huila;Elías;4211;1439;2772;82;1278,836548;2;-75,9
41298;41298;Huila;Garzón;72382;38923;33459;692;834,9761963;2,2;-75,6
41306;41306;Huila;Gigante;24583;9766;14817;561;833,8005371;2,4;-75,5
41319;41319;Huila;Guadalupe;17890;5497;12393;242;888,1348267;2;-75,8
41349;41349;Huila;Hobo;7286;5639;1647;217;601,8577881;2,6;-75,4
41357;41357;Huila;Iquira;9248;2652;6596;516;1113,903564;2,6;-75,6
41359;41359;Huila;Isnos;25186;6148;19038;697;1783,617798;1,9;-76,2
41378;41378;Huila;La Argentina;12866;4796;8070;390;1528,021118;2,2;-76
41396;41396;Huila;La Plata;61026;25791;35235;854;1031,273804;2,4;-75,9
41483;41483;Huila;Nátaga;6469;2648;3821;156;1479,289063;2,5;-75,8
41503;41503;Huila;Oporapa;11629;2355;9274;150;1422,961304;2;-76
41518;41518;Huila;Paicol;6583;2775;3808;340;865,0426025;2,4;-75,8
41524;41524;Huila;Palermo;26279;12475;13804;917;563,0150146;2,9;-75,4
41530;41530;Huila;Palestina;11159;1755;9404;220;1524,079834;1,7;-76,1
41548;41548;Huila;Pital;13787;4892;8895;210;921,616394;2,3;-75,8
41551;41551;Huila;Pitalito;124359;73319;51040;653;1265,858765;1,9;-76
41615;41615;Huila;Rivera;24312;11720;12592;404;712,7874756;2,8;-75,3
41660;41660;Huila;Saladoblanco;10444;1844;8600;290;1483,697021;2;-76
41668;41668;Huila;San Agustín;33028;11158;21870;1574;1632,161377;1,9;-76,3
41676;41676;Huila;Santa María;10405;2527;7878;378;1330,210938;2,9;-75,6
41770;41770;Huila;Suaza;21853;4507;17346;383;955,8862305;2;-75,8
41791;41791;Huila;Tarqui;17440;5499;11941;347;830,4180908;2,1;-75,8
41797;41797;Huila;Tesalia;10697;5317;5380;369;823,5323486;2,5;-75,7
41799;41799;Huila;Tello;11800;5173;6627;589;576,6651611;3,1;-75,1
41801;41801;Huila;Teruel;8052;4270;3782;589;869,6702271;2,7;-75,6
41807;41807;Huila;Timaná;21799;7883;13916;194;1012,551697;2;-75,9
41872;41872;Huila;Villavieja;7288;2459;4829;578;386,5466003;3,2;-75,2
41885;41885;Huila;Yaguará;7730;6421;1309;349;579,5452881;2,7;-75,5
44001;44001;La Guajira;Riohacha;188014;126103;61911;3171;8,991726875;11,5;-72,9
44035;44035;La Guajira;Albania;29148;15783;13365;545;91,92857361;11,2;-72,6
44078;44078;La Guajira;Barrancas;35743;15818;19925;793;159;11;-72,8
44090;44090;La Guajira;Dibulla;37740;4884;32856;1744;5;11,3;-73,3
44098;44098;La Guajira;Distracción;13016;5871;7145;232;201,758667;10,9;-72,9
44110;44110;La Guajira;El Molino;7185;6383;802;242;251,8778992;10,7;-72,9
44279;44279;La Guajira;Fonseca;42772;35754;7018;487;184,5963287;10,9;-72,9
44378;44378;La Guajira;Hatonuevo;20044;11905;8139;249;183,2117157;11,1;-72,8
44420;44420;La Guajira;La Jagua del Pilar;3498;2162;1336;183;203,1889496;10,5;-73,1
44430;44430;La Guajira;Maicao;170582;103354;67228;1789;53,93798447;11,4;-72,2
44560;44560;La Guajira;Manaure;83072;8625;74447;1643;1,201814771;11,8;-72,4
44650;44650;La Guajira;San Juan del Cesar;46953;30385;16568;1347;211,9771576;10,8;-73
44847;44847;La Guajira;Uribia;163462;7698;155764;7904;22,71958733;11,7;-72,3
44855;44855;La Guajira;Urumita;10985;9423;1562;249;245,3222198;10,6;-73
44874;44874;La Guajira;Villanueva;28346;26488;1858;270;236,5640564;10,6;-73
47001;47001;Magdalena;Santa Marta;499192;455299;43893;2369;9,394652367;11,2;-74,2
47030;47030;Magdalena;Algarrobo;15511;10096;5415;409;113,5504761;10,2;-74,1
47053;47053;Magdalena;Aracataca;39857;23623;16234;1755;38,85706711;10,6;-74,2
47058;47058;Magdalena;Ariguaní;30218;19075;11143;1109;157,1373749;9,8;-74,2
47161;47161;Magdalena;Cerro San Antonio;9890;5365;4525;184;9,452159882;10,3;-74,9
47170;47170;Magdalena;Chivolo;21862;13782;8080;528;135,8478241;10;-74,6
47189;47189;Magdalena;Ciénaga;120071;104999;15072;1366;6,153026581;11;-74,2
47205;47205;Magdalena;Concordia;10505;4177;6328;111;13,32116795;10,3;-74,8
47245;47245;Magdalena;El Banco;65457;41881;23576;816;31,92381668;9;-74
47258;47258;Magdalena;El Piñon;22530;7445;15085;544;9;10,4;-74,8
47268;47268;Magdalena;El Retén;19697;15549;4148;268;24,54368973;10,6;-74,3
47288;47288;Magdalena;Fundación;66433;56814;9619;922;50,88702393;10,5;-74,2
47318;47318;Magdalena;Guamal;26620;8437;18183;565;27,96053886;9,1;-74,2
47460;47460;Magdalena;Nueva Granada;19663;8132;11531;843;116,5709457;9,8;-74,4
47541;47541;Magdalena;Pedraza;9196;3017;6179;312;11,85932636;10,2;-74,9
47545;47545;Magdalena;Pijiño del Carmen;12093;5710;6383;739;19,4703846;9,3;-74,5
47551;47551;Magdalena;Pivijay;37341;21777;15564;1636;11,1063261;10,5;-74,6
47555;47555;Magdalena;Plato;61766;47141;14625;1501;12,87710667;9,8;-74,8
47570;47570;Magdalena;Puebloviejo;29824;9897;19927;691;4,755021095;11;-74,3
47605;47605;Magdalena;Remolino;11445;7375;4070;611;8;10,7;-74,7
47660;47660;Magdalena;Sabanas de San Angel;15644;4559;11085;1196;128,3254242;10,1;-74,2
47675;47675;Magdalena;Salamina;10733;7151;3582;175;7,778904915;10,5;-74,8
47692;47692;Magdalena;San Sebastián de Buenavista;19523;6071;13452;421;26,83630371;9,2;-74,4
47703;47703;Magdalena;San Zenón;11681;1470;10211;238;17,91372871;9,2;-74,5
47707;47707;Magdalena;Santa Ana;25438;13851;11587;1120;27,00188255;9,3;-74,6
47720;47720;Magdalena;Santa Bárbara de Pinto;10575;6616;3959;502;24,42321014;9,4;-74,7
47745;47745;Magdalena;Sitionuevo;27128;14239;12889;967;6;10,8;-74,7
47798;47798;Magdalena;Tenerife;13236;6511;6725;491;25;9,9;-74,9
47960;47960;Magdalena;Zapayán;9895;3846;6049;353;16,46543503;10,2;-74,7
47980;47980;Magdalena;Zona Bananera;68722;4415;64307;446;20,30451202;10,8;-74,2
50001;50001;Meta;Villavicencio;531275;492052;39223;1328;472,7643127;4,2;-73,6
50006;50006;Meta;Acacías;88023;67906;20117;1149;534,2238159;4;-73,8
50110;50110;Meta;Barranca de Upía;6440;4425;2015;668;233,0643158;4,6;-73
50124;50124;Meta;Cabuyaro;6062;2993;3069;832;166,5923157;4,3;-72,8
50150;50150;Meta;Castilla la Nueva;14300;6154;8146;503;418,0797424;3,8;-73,7
50223;50223;Meta;Cubarral;6963;4576;2387;1159;535,4429321;3,8;-73,8
50226;50226;Meta;Cumaral;22831;15006;7825;580;415,6850891;4,3;-73,5
50245;50245;Meta;El Calvario;1776;590;1186;286;1908,16748;4,4;-73,7
50251;50251;Meta;El Castillo;7977;3020;4957;573;350,7164612;3,6;-73,8
50270;50270;Meta;El Dorado;3888;1412;2476;117;202,5066528;2,8;-72,9
50287;50287;Meta;Fuente de Oro;12129;6923;5206;576;299,0492554;3,5;-73,6
50313;50313;Meta;Granada;68876;58293;10583;381;335,190918;3,5;-73,7
50318;50318;Meta;Guamal;14119;9609;4510;638;526;3,9;-73,8
50325;50325;Meta;Mapiripán;7007;2471;4536;11938;181,3315582;2,9;-72,1
50330;50330;Meta;Mesetas;11159;4546;6613;1980;547,8753662;3,4;-74
50350;50350;Meta;La Macarena;26890;4723;22167;11231;232,4459076;2,2;-73,8
50370;50370;Meta;Uribe;9284;2128;7156;6307;697,9990845;3,2;-74,4
50400;50400;Meta;Lejanías;11463;4823;6640;852;690,3058472;3,5;-74
50450;50450;Meta;Puerto Concordia;8390;3420;4970;1298;187,9455872;2,6;-72,8
50568;50568;Meta;Puerto Gaitán;41513;20659;20854;17536;159,9871521;4,3;-72,1
50573;50573;Meta;Puerto López;30399;18575;11824;6239;181,8864899;4,1;-73
50577;50577;Meta;Puerto Lleras;10423;4087;6336;2061;236,3468628;3,3;-73,4
50590;50590;Meta;Puerto Rico;13061;6439;6622;3772;217,0465698;2,9;-73,2
50606;50606;Meta;Restrepo;18268;12190;6078;289;480,5636597;4,3;-73,6
50680;50680;Meta;San Carlos de Guaroa;12296;6300;5996;814;225,1801758;3,7;-73,2
50683;50683;Meta;San Juan de Arama;9118;4357;4761;1163;432,0109863;3,3;-73,9
50686;50686;Meta;San Juanito;1307;672;635;162;1953,26123;4,5;-73,7
50689;50689;Meta;San Martín;26707;19458;7249;6454;424,1326904;3,7;-73,7
50711;50711;Meta;Vistahermosa;17778;7254;10524;4749;293,5708008;3,1;-73,8
52001;52001;Nariño;Pasto;392930;308095;84835;1131;2596,916992;1,2;-77,3
52019;52019;Nariño;Albán;9642;2691;6951;83;2239,520752;1,5;-77,1
52022;52022;Nariño;Aldana;7392;1549;5843;65;3015,578369;0,9;-77,7
52036;52036;Nariño;Ancuyá;8801;2147;6654;73;1372,454224;1,3;-77,5
52051;52051;Nariño;Arboleda;8443;1172;7271;63;2235,263672;1,4;-77,4
52079;52079;Nariño;Barbacoas;55633;12075;43558;1877;48,73838806;1,7;-78,1
52083;52083;Nariño;Belén;6322;3262;3060;48;2452,753662;1,6;-77
52110;52110;Nariño;Buesaco;23908;6552;17356;682;1952,907349;1,4;-77,2
52203;52203;Nariño;Colón;8526;1089;7437;63;2288,644775;1,6;-77
52207;52207;Nariño;Consaca;13784;2146;11638;132;1662,402466;1,2;-77,5
52210;52210;Nariño;Contadero;7270;1310;5960;45;2621,049072;0,9;-77,5
52215;52215;Nariño;Córdoba;15516;3081;12435;282;2858,949463;0,9;-77,5
52224;52224;Nariño;Cuaspud;9201;2708;6493;48;3032,656006;0,9;-77,7
52227;52227;Nariño;Cumbal;36864;6835;30029;1265;3118,83252;0,9;-77,8
52233;52233;Nariño;Cumbitara;5948;1608;4340;365;549,097168;1,7;-77,3
52240;52240;Nariño;Chachagüí;15354;4332;11022;148;1977,869629;1,4;-77,3
52250;52250;Nariño;El Charco;22505;7234;15271;2485;2,758348703;2,5;-78,1
52254;52254;Nariño;El Peñol;7446;1340;6106;121;1593,661987;1,5;-77,4
52256;52256;Nariño;El Rosario;12280;1781;10499;566;1605,933472;1,7;-77,3
52258;52258;Nariño;El Tablón de Gómez;14342;1583;12759;255;1588,235352;1,4;-77,1
52260;52260;Nariño;El Tambo;14283;5251;9032;282;2190,551025;1,4;-77,4
52287;52287;Nariño;Funes;7222;3091;4131;407;2274,948242;1;-77,4
52317;52317;Nariño;Guachucal;19450;3071;16379;159;3098,994873;1;-77,7
52320;52320;Nariño;Guaitarilla;11582;4378;7204;131;2636,388672;1,1;-77,6
52323;52323;Nariño;Gualmatán;7057;2994;4063;35;2917,096191;0,9;-77,6
52352;52352;Nariño;Iles;7662;2133;5529;82;2979,561768;1;-77,5
52354;52354;Nariño;Imués;7657;1016;6641;86;2576,810059;1,1;-77,5
52356;52356;Nariño;Ipiales;116136;77343;38793;1707;2903,644775;0,8;-77,6
52378;52378;Nariño;La Cruz;18754;8018;10736;237;2418,371338;1,6;-77
52381;52381;Nariño;La Florida;10104;1980;8124;143;2174,880615;1,3;-77,4
52385;52385;Nariño;La Llanada;6492;3156;3336;265;2312,138184;1,5;-77,6
52390;52390;Nariño;La Tola;7411;2928;4483;459;2,600615263;2,4;-78,2
52399;52399;Nariño;La Unión;31858;12793;19065;147;1650,966064;0,9;-77,8
52405;52405;Nariño;Leiva;9768;2967;6801;316;1505,485229;1,9;-77,3
52411;52411;Nariño;Linares;10236;2230;8006;146;1472,945313;1,4;-77,5
52418;52418;Nariño;Los Andes;9547;4376;5171;907;1553,436279;1,5;-77,5
52427;52427;Nariño;Magüi;24705;7325;17380;1745;40,23871994;1,8;-78,2
52435;52435;Nariño;Mallama;8976;1218;7758;531;1818,539185;1,1;-77,9
52473;52473;Nariño;Mosquera;11984;5677;6307;678;6,644394875;2,5;-78,5
52480;52480;Nariño;Nariño;4364;2653;1711;50;2352,885254;1,3;-77,4
52490;52490;Nariño;Olaya Herrera;25358;10859;14499;990;22,88685036;2,3;-78,3
52506;52506;Nariño;Ospina;7105;1965;5140;66;2860,163574;1,1;-77,6
52520;52520;Nariño;Francisco Pizarro;14193;5423;8770;956;12,67289543;2,1;-78,6
52540;52540;Nariño;Policarpa;9897;2596;7301;467;1021,910706;1,6;-77,5
52560;52560;Nariño;Potosí;10414;2097;8317;288;2746,471191;0,8;-77,6
52565;52565;Nariño;Providencia;5572;1501;4071;42;2321,275391;1,2;-77,6
52573;52573;Nariño;Puerres;8581;3451;5130;359;2753,92041;0,9;-77,5
52585;52585;Nariño;Pupiales;17491;6192;11299;135;2977,174805;0,9;-77,6
52612;52612;Nariño;Ricaurte;19631;2399;17232;2422;1174,692993;1,2;-78
52621;52621;Nariño;Roberto Payán;12667;3389;9278;1342;56,68902969;1,7;-78,3
52678;52678;Nariño;Samaniego;29414;9462;19952;765;1609,137207;1,3;-77,6
52683;52683;Nariño;Sandoná;20773;10112;10661;97;1805,822144;1,3;-77,5
52685;52685;Nariño;San Bernardo;9202;2595;6607;70;1969,130371;1,5;-77
52687;52687;Nariño;San Lorenzo;18473;2180;16293;267;2072,696777;1,5;-77,2
52693;52693;Nariño;San Pablo;15389;4051;11338;108;1716,428955;1,7;-77
52694;52694;Nariño;San Pedro de Cartago;6843;849;5994;60;2070,148193;1,6;-77,1
52696;52696;Nariño;Santa Bárbara;13427;3608;9819;1232;5,018071651;2,5;-78
52699;52699;Nariño;Santacruz;10796;1529;9267;555;1850,553467;1,5;-77,3
52720;52720;Nariño;Sapuyes;7346;1436;5910;133;3019,672119;1;-77,6
52786;52786;Nariño;Taminango;17854;3999;13855;245;1538,107178;1,6;-77,3
52788;52788;Nariño;Tangua;13507;2763;10744;239;2406,652832;1,1;-77,4
52835;52835;Nariño;San Andrés de Tumaco;253637;86320;167317;3778;5,276078701;1,8;-78,8
52838;52838;Nariño;Túquerres;44729;17302;27427;227;3046,933594;1,1;-77,6
52885;52885;Nariño;Yacuanquer;10938;3326;7612;115;2709,061035;1,1;-77,4
54001;54001;Norte de Santander;Cúcuta;711715;685445;26270;1098;308,0290222;7,9;-72,5
54003;54003;Norte de Santander;Abrego;31786;15896;15890;917;1395,169922;8,1;-73,2
54051;54051;Norte de Santander;Arboledas;9605;2207;7398;449;937,1555786;7,6;-72,8
54099;54099;Norte de Santander;Bochalema;8105;3038;5067;171;1060,009277;7,6;-72,6
54109;54109;Norte de Santander;Bucarasica;6248;502;5746;263;1144,973633;8;-72,9
54125;54125;Norte de Santander;Cácota;2781;913;1868;135;2395,807861;7,3;-72,6
54128;54128;Norte de Santander;Cachirá;10995;1772;9223;1058;2003,021118;7,7;-73
54172;54172;Norte de Santander;Chinácota;17263;11083;6180;187;1269,608032;7,6;-72,6
54174;54174;Norte de Santander;Chitagá;11564;4331;7233;1172;2334,865967;7,1;-72,7
54206;54206;Norte de Santander;Convención;18463;7417;11046;907;1454,556152;8,4;-73,3
54223;54223;Norte de Santander;Cucutilla;8095;1502;6593;367;1279,466553;7,5;-72,8
54239;54239;Norte de Santander;Durania;4541;2216;2325;170;965,2733765;7,7;-72,7
54245;54245;Norte de Santander;El Carmen;13144;2196;10948;1500;839,2581177;8,5;-73,4
54250;54250;Norte de Santander;El Tarra;20093;8371;11722;687;192,3283691;8,6;-73,1
54261;54261;Norte de Santander;El Zulia;26700;16307;10393;528;228,595932;7,9;-72,6
54313;54313;Norte de Santander;Gramalote;7295;2482;4813;145;1028,155762;7,9;-72,8
54344;54344;Norte de Santander;Hacarí;9998;1339;8659;597;1085,147583;8,3;-73,1
54347;54347;Norte de Santander;Herrán;6755;1204;5551;108;1951,89856;7,5;-72,5
54377;54377;Norte de Santander;Labateca;6268;1619;4649;249;1587,056763;7,3;-72,5
54385;54385;Norte de Santander;La Esperanza;11358;1660;9698;666;177,2134857;7,6;-73,3
54398;54398;Norte de Santander;La Playa;7582;851;6731;248;1433,111938;8,2;-73,2
54405;54405;Norte de Santander;Los Patios;89091;86266;2825;131;401,9865723;7,8;-72,5
54418;54418;Norte de Santander;Lourdes;3954;1831;2123;86;1429,874268;7,9;-72,8
54480;54480;Norte de Santander;Mutiscua;4163;796;3367;156;2617,355713;7,3;-72,7
54498;54498;Norte de Santander;Ocaña;118273;106159;12114;463;1187,648315;8,3;-73,4
54518;54518;Norte de Santander;Pamplona;50025;46013;4012;313;2311,004395;7,4;-72,7
54520;54520;Norte de Santander;Pamplonita;5402;1091;4311;176;1728,078491;7,4;-72,6
54553;54553;Norte de Santander;Puerto Santander;8502;7938;564;44;49,03791428;8,4;-72,4
54599;54599;Norte de Santander;Ragonvalia;5899;2874;3025;100;1547,944214;7,6;-72,5
54660;54660;Norte de Santander;Salazar;10205;3845;6360;480;837,4899292;7,8;-72,8
54670;54670;Norte de Santander;San Calixto;12011;2008;10003;387;1684,568726;8,4;-73,2
54673;54673;Norte de Santander;San Cayetano;6978;2288;4690;142;243,890152;7,9;-72,6
54680;54680;Norte de Santander;Santiago;3361;1749;1612;170;413,8398132;7,9;-72,7
54720;54720;Norte de Santander;Sardinata;25142;9398;15744;1435;304,7788391;8,1;-72,8
54743;54743;Norte de Santander;Silos;6162;871;5291;376;2726,603516;7,2;-72,8
54800;54800;Norte de Santander;Teorama;16193;2518;13675;865;1094,608276;8,4;-73,3
54810;54810;Norte de Santander;Tibú;53586;19627;33959;2737;80,34113312;8,6;-72,7
54820;54820;Norte de Santander;Toledo;15440;5273;10167;1486;1633,756104;7,3;-72,5
54871;54871;Norte de Santander;Villa Caro;4996;2179;2817;396;1613,983032;7,9;-73
54874;54874;Norte de Santander;Villa del Rosario;101952;98637;3315;93;392,9465027;7,8;-72,5
63001;63001;Quindio;Armenia;295208;287245;7963;115;1477,434326;4,5;-75,7
63111;63111;Quindio;Buenavista;3095;1212;1883;39;1430,960693;4,4;-75,7
63130;63130;Quindio;Calarca;72783;56505;16278;208;1541,490967;4,5;-75,6
63190;63190;Quindio;Circasia;28162;21025;7137;87;1762,169434;4,6;-75,6
63212;63212;Quindio;Córdoba;5642;3363;2279;90;1496,670532;4,4;-75,7
63272;63272;Quindio;Filandia;12066;6640;5426;101;1904,403198;4,7;-75,7
63302;63302;Quindio;Génova;7516;4269;3247;287;1461,549072;4,2;-75,8
63401;63401;Quindio;La Tebaida;33451;29752;3699;88;1195,127197;4,5;-75,8
63470;63470;Quindio;Montenegro;36751;30130;6621;141;1293,323608;4,6;-75,8
63548;63548;Quindio;Pijao;5219;2977;2242;238;1683,380371;4,3;-75,7
63594;63594;Quindio;Quimbaya;30751;24913;5838;123;1312,581421;4,6;-75,8
63690;63690;Quindio;Salento;9260;3879;5381;328;1983,380005;4,6;-75,6
66001;66001;Risaralda;Pereira;467269;385838;81431;702;1413,96582;4,8;-75,7
66045;66045;Risaralda;Apía;12406;5453;6953;175;1644,082397;5,1;-75,9
66075;66075;Risaralda;Balboa;6423;1518;4905;138;1555,156128;4,9;-76
66088;66088;Risaralda;Belén de Umbría;24690;12460;12230;207;1496,853394;5,2;-75,9
66170;66170;Risaralda;Dosquebradas;217178;204280;12898;80;1427,067261;4,8;-75,7
66318;66318;Risaralda;Guática;12158;3558;8600;114;1892,495361;5,3;-75,8
66383;66383;Risaralda;La Celia;7514;2881;4633;107;1392,521484;5;-76
66400;66400;Risaralda;La Virginia;27923;27189;734;38;899,9779053;4,9;-75,9
66440;66440;Risaralda;Marsella;16940;8521;8419;173;1544,717773;4,9;-75,7
66456;66456;Risaralda;Mistrató;16950;3892;13058;755;1528,799683;5,3;-75,9
66572;66572;Risaralda;Pueblo Rico;16156;2740;13416;632;1558,807983;5,2;-76
66594;66594;Risaralda;Quinchía;27292;7209;20083;163;1847,805786;5,3;-75,7
66682;66682;Risaralda;Santa Rosa de Cabal;77838;64297;13541;630;1683,624023;4,9;-75,6
66687;66687;Risaralda;Santuario;12664;6328;6336;226;1604,762451;5,1;-76
68001;68001;Santander;Bucaramanga;581130;570752;10378;154;967,0480347;7,1;-73,1
68013;68013;Santander;Aguada;1855;313;1542;41;1712,163452;6,2;-73,5
68020;68020;Santander;Albania;4129;597;3532;156;1634,165771;5,8;-73,9
68051;68051;Santander;Aratoca;8229;2380;5849;170;1755,115479;6,7;-73
68077;68077;Santander;Barbosa;31050;23249;7801;57;1596,512695;5,9;-73,6
68079;68079;Santander;Barichara;10486;3113;7373;134;1288,207275;6,6;-73,2
68081;68081;Santander;Barrancabermeja;203537;177272;26265;1274;83,56929016;7,1;-73,9
68092;68092;Santander;Betulia;5941;1313;4628;441;1816,791626;6,9;-73,3
68101;68101;Santander;Bolívar;11287;1495;9792;1491;2134,144775;6;-73,8
68121;68121;Santander;Cabrera;1937;395;1542;68;1009,578308;6,6;-73,2
68132;68132;Santander;California;2130;931;1199;45;2047,454224;7,3;-72,9
68147;68147;Santander;Capitanejo;5505;3452;2053;81;1095,215454;6,5;-72,7
68152;68152;Santander;Carcasí;4292;640;3652;248;2086,984375;6,6;-72,6
68160;68160;Santander;Cepitá;2015;517;1498;112;673,3126221;6,8;-73
68162;68162;Santander;Cerrito;6729;3329;3400;416;2492,284668;6,8;-72,7
68167;68167;Santander;Charalá;12270;7218;5052;411;1278,816895;6,3;-73,1
68169;68169;Santander;Charta;2888;716;2172;125;1990,041748;7,3;-73
68176;68176;Santander;Chima;2875;810;2065;152;1151,638428;6,3;-73,4
68179;68179;Santander;Chipatá;5075;637;4438;85;1770,485962;6,1;-73,6
68190;68190;Santander;Cimitarra;32947;13943;19004;2847;153,7913055;6,3;-73,9
68207;68207;Santander;Concepción;5738;2780;2958;333;2011,533691;6,8;-72,7
68209;68209;Santander;Confines;3159;687;2472;73;1498,273315;6,4;-73,2
68211;68211;Santander;Contratación;3679;2798;881;117;1654,646973;6,3;-73,5
68217;68217;Santander;Coromoro;5015;723;4292;554;1535,733521;6,3;-73
68229;68229;Santander;Curití;12717;4577;8140;238;1482,379272;6,6;-73,1
68235;68235;Santander;El Carmen de Chucurí;20916;2821;18095;914;769,9032593;6,7;-73,5
68245;68245;Santander;El Guacamayo;2167;677;1490;122;1973,804932;6,2;-73,5
68250;68250;Santander;El Peñón;5279;712;4567;415;2548,48999;6,1;-73,8
68255;68255;Santander;El Playón;13713;7037;6676;459;434,5964966;7,5;-73,2
68264;68264;Santander;Encino;2552;526;2026;418;1851,494995;6,1;-73,1
68266;68266;Santander;Enciso;3461;849;2612;79;1578,372192;6,7;-72,7
68271;68271;Santander;Florián;5562;1218;4344;191;1609,538086;5,8;-74
68276;68276;Santander;Floridablanca;291935;280025;11910;101;843,6003418;7,1;-73,1
68296;68296;Santander;Galán;2886;812;2074;209;932,4952393;6,6;-73,3
68298;68298;Santander;Gambita;4021;653;3368;519;1892,865601;5,9;-73,3
68307;68307;Santander;Girón;160403;141107;19296;681;687,4658813;7,1;-73,2
68318;68318;Santander;Guaca;5916;1508;4408;271;2311,92627;6,9;-72,9
68320;68320;Santander;Guadalupe;4511;1693;2818;144;1439,134399;6,2;-73,4
68322;68322;Santander;Guapotá;2375;665;1710;69;1465,351074;6,3;-73,3
68324;68324;Santander;Guavatá;4230;1027;3203;72;1980,036377;6;-73,7
68327;68327;Santander;Güepsa;5114;3071;2043;27;1434,336548;6;-73,6
68344;68344;Santander;Hato;2328;657;1671;172;1345,112793;6,5;-73,3
68368;68368;Santander;Jesús María;3342;719;2623;109;1882,503296;5,9;-73,8
68370;68370;Santander;Jordán;1314;99;1215;33;443,5499268;6,7;-73,1
68377;68377;Santander;La Belleza;6198;1696;4502;259;2195,945068;5,9;-74
68385;68385;Santander;Landázuri;10384;3182;7202;626;925,3907471;6,2;-73,8
68397;68397;Santander;La Paz;4953;756;4197;241;1867,721313;6,2;-73,6
68406;68406;Santander;Lebríja;41835;22732;19103;541;1018,385376;7,1;-73,2
68418;68418;Santander;Los Santos;14106;1643;12463;293;1287,94873;6,8;-73,1
68425;68425;Santander;Macaravita;2171;280;1891;97;2277,989746;6,5;-72,6
68432;68432;Santander;Málaga;20945;18091;2854;61;2197,744873;6,7;-72,7
68444;68444;Santander;Matanza;4976;1445;3531;113;1585,871704;7,3;-73
68464;68464;Santander;Mogotes;10527;4135;6392;484;1681,570313;6,5;-73
68468;68468;Santander;Molagavita;4137;620;3517;186;2196,138428;6,7;-72,8
68498;68498;Santander;Ocamonte;5661;809;4852;74;1402,106567;6,3;-73,1
68500;68500;Santander;Oiba;10800;4791;6009;285;1425,02124;6,3;-73,3
68502;68502;Santander;Onzaga;4183;1232;2951;482;1941,838257;6,3;-72,8
68522;68522;Santander;Palmar;1361;467;894;20;892,0999756;6,5;-73,3
68524;68524;Santander;Palmas del Socorro;2535;779;1756;62;1178,412842;6,4;-73,3
68533;68533;Santander;Páramo;4654;1251;3403;74;1403,484253;6,4;-73,2
68547;68547;Santander;Piedecuesta;170625;139273;31352;481;986,0881348;7;-73,1
68549;68549;Santander;Pinchote;5162;1072;4090;54;1202,287109;6,5;-73,2
68572;68572;Santander;Puente Nacional;14654;5440;9214;273;1622,654785;5,9;-73,7
68573;68573;Santander;Puerto Parra;7640;2605;5035;745;97,22924042;6,7;-74,1
68575;68575;Santander;Puerto Wilches;32791;16175;16616;1588;64,55214691;7,3;-73,9
68615;68615;Santander;Rionegro;26438;6338;20100;1253;700,9395752;7,2;-73,2
68655;68655;Santander;Sabana de Torres;33055;22512;10543;1163;132,2220001;7,4;-73,5
68669;68669;Santander;San Andrés;8683;3121;5562;286;1638,332642;6,8;-72,8
68673;68673;Santander;San Benito;2950;277;2673;50;1348,103027;6,1;-73,5
68679;68679;Santander;San Gil;56037;49050;6987;150;1118,815063;6,6;-73,1
68682;68682;Santander;San Joaquín;2241;819;1422;135;1974,764404;6,4;-72,9
68684;68684;Santander;San José de Miranda;4367;889;3478;80;1984,359863;6,7;-72,7
68686;68686;Santander;San Miguel;2531;629;1902;71;1912,709229;6,6;-72,6
68689;68689;Santander;San Vicente de Chucurí;33133;12288;20845;1104;610,5427246;6,9;-73,4
68705;68705;Santander;Santa Bárbara;2401;265;2136;185;1918,572998;7;-72,9
68720;68720;Santander;Santa Helena del Opón;3389;768;2621;362;1092,026611;6,3;-73,6
68745;68745;Santander;Simacota;10042;2185;7857;982;1067,603516;6,4;-73,3
68755;68755;Santander;Socorro;32158;26232;5926;131;1203,32666;6,5;-73,3
68770;68770;Santander;Suaita;10031;2136;7895;296;1612,55835;6,1;-73,4
68773;68773;Santander;Sucre;7202;550;6652;609;2162,175781;5,9;-73,8
68780;68780;Santander;Suratá;3975;909;3066;368;1749,500366;7,4;-73
68820;68820;Santander;Tona;7373;538;6835;342;1872,963501;7,2;-73
68855;68855;Santander;Valle de San José;6084;2408;3676;82;1236,453491;6,4;-73,1
68861;68861;Santander;Vélez;24356;13159;11197;452;2080,85791;6;-73,7
68867;68867;Santander;Vetas;2114;729;1385;93;3250,437012;7,3;-72,9
68872;68872;Santander;Villanueva;7873;4564;3309;113;1454,33667;6,7;-73,2
68895;68895;Santander;Zapatoca;9466;6274;3192;363;1706,146851;6,8;-73,3
70001;70001;Sucre;Sincelejo;277773;249323;28450;292;209,99823;9,3;-75,4
70110;70110;Sucre;Buenavista;10441;8317;2124;124;101,4815598;9,3;-75
70124;70124;Sucre;Caimito;15231;3821;11410;436;26,2586937;8,8;-75,1
70204;70204;Sucre;Coloso;8623;3832;4791;127;127,9589462;9,5;-75,4
70215;70215;Sucre;Corozal;67371;51372;15999;272;165,4410553;9,3;-75,3
70221;70221;Sucre;Coveñas;18250;10856;7394;56;8,440930367;9,4;-75,7
70230;70230;Sucre;Chalán;4466;2853;1613;80;294,2277222;9,5;-75,3
70233;70233;Sucre;El Roble;9944;4340;5604;201;90,73090363;9,1;-75,2
70235;70235;Sucre;Galeras;21982;11997;9985;304;50,57577896;9,1;-75
70265;70265;Sucre;Guaranda;17713;7122;10591;354;20,92354393;8,5;-74,5
70400;70400;Sucre;La Unión;12349;5934;6415;234;63,80906296;8,9;-75,3
70418;70418;Sucre;Los Palmitos;22880;11137;11743;211;191,1951752;9,4;-75,3
70429;70429;Sucre;Majagual;36650;10205;26445;959;20,90762329;8,5;-74,6
70473;70473;Sucre;Morroa;15061;9031;6030;168;161,1557922;9,3;-75,3
70508;70508;Sucre;Ovejas;22871;11409;11462;453;269,0345459;9,5;-75,2
70523;70523;Sucre;Palmito;14114;4905;9209;174;33,17110825;9,3;-75,5
70670;70670;Sucre;Sampués;46455;23452;23003;209;153,2889862;9,2;-75,4
70678;70678;Sucre;San Benito Abad;28673;5966;22707;1592;22,27601051;8,9;-75
70702;70702;Sucre;San Juan de Betulia;13535;6907;6628;168;141,9845581;9,3;-75,2
70708;70708;Sucre;San Marcos;57672;32275;25397;1012;24,4852047;8,7;-75,1
70713;70713;Sucre;San Onofre;49633;19008;30625;1089;35,18078613;9,7;-75,5
70717;70717;Sucre;San Pedro;18590;12204;6386;223;15,12892437;8,7;-74,7
70742;70742;Sucre;San Luis de Sincé;30773;22672;8101;487;134,4838257;9,2;-75,1
70771;70771;Sucre;Sucre;29552;7205;22347;1130;15,19888306;8,8;-74,7
70820;70820;Sucre;Santiago de Tolú;32922;26401;6521;282;7;9,5;-75,6
70823;70823;Sucre;Tolú Viejo;21339;6545;14794;280;63,92686844;9,5;-75,4
73001;73001;Tolima;Ibagué;529635;492554;37081;1439;1287,500122;4,4;-75,2
73024;73024;Tolima;Alpujarra;4544;1991;2553;517;1361,407715;3,4;-75,9
73026;73026;Tolima;Alvarado;8697;3236;5461;347;417,0528259;4,6;-75
73030;73030;Tolima;Ambalema;6657;5261;1396;239;253,9452515;4,8;-74,8
73043;73043;Tolima;Anzoátegui;10217;1469;8748;475;1964,408081;4,6;-75,1
73055;73055;Tolima;Armero;12696;8184;4512;451;339,8092041;5;-74,9
73067;73067;Tolima;Ataco;19330;4820;14510;1122;452,7250671;3,6;-75,4
73124;73124;Tolima;Cajamarca;18471;9461;9010;520;1813,738403;4,4;-75,4
73148;73148;Tolima;Carmen de Apicalá;10117;7627;2490;202;318,9941101;4,2;-74,7
73152;73152;Tolima;Casabianca;6373;1720;4653;123;2030,569702;5,1;-75,1
73168;73168;Tolima;Chaparral;50367;28615;21752;2229;858,1350708;3,7;-75,5
73200;73200;Tolima;Coello;8248;1482;6766;349;276,8023071;4,3;-74,9
73217;73217;Tolima;Coyaima;22813;3836;18977;667;360,8014832;3,8;-75,2
73226;73226;Tolima;Cunday;8745;2397;6348;518;455,8979187;4,1;-74,7
73236;73236;Tolima;Dolores;8359;3503;4856;672;1438,095337;3,5;-74,9
73268;73268;Tolima;Espinal;70494;50664;19830;231;323,9763184;4,1;-74,9
73270;73270;Tolima;Falan;7693;1764;5929;188;971,3743896;5,1;-75
73275;73275;Tolima;Flandes;28389;24551;3838;100;286;4,3;-74,8
73283;73283;Tolima;Fresno;31069;15713;15356;232;1472,751709;5,2;-75
73319;73319;Tolima;Guamo;32940;16656;16284;523;318,0296021;4;-75
73347;73347;Tolima;Herveo;7363;2179;5184;343;2314,279053;5,1;-75,2
73349;73349;Tolima;Honda;24693;23658;1035;310;205,0325928;5,2;-74,7
73352;73352;Tolima;Icononzo;11887;3595;8292;220;1303,426636;4,2;-74,5
73408;73408;Tolima;Lérida;18574;13735;4839;281;345,0849304;4,9;-74,9
73411;73411;Tolima;Líbano;36773;23605;13168;291;1573,589722;4,9;-75,1
73443;73443;Tolima;Mariquita;37770;27907;9863;291;474,139679;5,2;-74,9
73449;73449;Tolima;Melgar;36536;29749;6787;209;321,8954468;4,2;-74,6
73461;73461;Tolima;Murillo;4113;1758;2355;443;289,8424072;3,8;-74,9
73483;73483;Tolima;Natagaima;14835;7841;6994;862;323,4706421;3,6;-75,1
73504;73504;Tolima;Ortega;34607;6946;27661;960;394,1321716;3,9;-75,2
73520;73520;Tolima;Palocabildo;9730;3000;6730;65;1460,442749;5,1;-75
73547;73547;Tolima;Piedras;6711;2280;4431;361;392,7184448;4,5;-74,9
73555;73555;Tolima;Planadas;25764;6736;19028;1445;1204,506958;3,2;-75,6
73563;73563;Tolima;Prado;8498;3745;4753;448;315,3839722;3,7;-74,9
73585;73585;Tolima;Purificación;23536;13186;10350;433;307,6915588;3,9;-74,9
73616;73616;Tolima;Rioblanco;22771;3724;19047;1136;1648,762573;3,5;-75,7
73622;73622;Tolima;Roncesvalles;5459;1875;3584;790;2592,672119;4;-75,6
73624;73624;Tolima;Rovira;21674;10080;11594;733;863,7070923;4,2;-75,2
73671;73671;Tolima;Saldaña;14435;8502;5933;214;311,408905;3,9;-75
73675;73675;Tolima;San Antonio;12896;4351;8545;407;1431,786499;3,9;-75,5
73678;73678;Tolima;San Luis;13553;3765;9788;425;479,9083252;4,1;-75,1
73686;73686;Tolima;Santa Isabel;5769;2171;3598;271;2270,954346;4,7;-75,1
73770;73770;Tolima;Suárez;3813;1539;2274;194;293,7826233;4;-74,8
73854;73854;Tolima;Valle de San Juan;5345;2104;3241;198;587,824585;4,2;-75,1
73861;73861;Tolima;Venadillo;12817;8639;4178;358;338,3248291;4,7;-74,9
73870;73870;Tolima;Villahermosa;9283;3364;5919;285;2035,669678;5;-75,1
73873;73873;Tolima;Villarrica;5128;1968;3160;445;1142,702148;3,9;-74,6
76001;76001;Valle del Cauca;Cali;2227642;2172527;55115;552;1011,500244;3,5;-76,5
76020;76020;Valle del Cauca;Alcalá;14062;10398;3664;64;1237,980957;4,7;-75,8
76036;76036;Valle del Cauca;Andalucía;22436;17413;5023;162;961,7280273;4,2;-76,2
76041;76041;Valle del Cauca;Ansermanuevo;17448;10285;7163;361;940,7476807;4,8;-76
76054;76054;Valle del Cauca;Argelia;5397;2852;2545;88;1522,893921;4,7;-76,1
76100;76100;Valle del Cauca;Bolívar;16021;4414;11607;815;933,0220337;4,3;-76,2
76109;76109;Valle del Cauca;Buenaventura;308188;235064;73124;6785;20,8995018;3,9;-77
76111;76111;Valle del Cauca;Guadalajara de Buga;127545;110905;16640;873;973,1322632;3,9;-76,3
76113;76113;Valle del Cauca;Bugalagrande;24318;12670;11648;429;947,8481445;4,2;-76,2
76122;76122;Valle del Cauca;Caicedonia;28825;23840;4985;165;1165,195313;4,3;-75,8
76126;76126;Valle del Cauca;Calima;18054;11469;6585;930;1212,220337;3,9;-76,6
76130;76130;Valle del Cauca;Candelaria;91825;23579;68246;303;976,1609497;3,4;-76,3
76147;76147;Valle del Cauca;Cartago;135729;131641;4088;260;916,7544556;4,7;-75,9
76233;76233;Valle del Cauca;Dagua;48443;10930;37513;939;845,3099976;3,7;-76,7
76243;76243;Valle del Cauca;El Águila;8909;2407;6502;255;1734,878296;4,9;-76
76246;76246;Valle del Cauca;El Cairo;6845;3198;3647;274;1917,773438;4,8;-76,2
76248;76248;Valle del Cauca;El Cerrito;56470;35977;20493;456;994,8081055;3,7;-76,3
76250;76250;Valle del Cauca;El Dovio;8886;5397;3489;297;1438,718262;4,5;-76,2
76275;76275;Valle del Cauca;Florida;57374;40195;17179;413;1041,425903;3,3;-76,2
76306;76306;Valle del Cauca;Ginebra;22741;10242;12499;275;1034,523804;3,7;-76,3
76318;76318;Valle del Cauca;Guacarí;33191;20421;12770;166;976,0200806;3,8;-76,3
76364;76364;Valle del Cauca;Jamundí;159877;123615;36262;603;973,25;3,3;-76,5
76377;76377;Valle del Cauca;La Cumbre;16316;2901;13415;165;1576,220215;3,6;-76,6
76400;76400;Valle del Cauca;La Unión;33953;26991;6962;121;962,3358154;4,5;-76,1
76403;76403;Valle del Cauca;La Victoria;12174;9082;3092;278;920,1704712;4,5;-76
76497;76497;Valle del Cauca;Obando;12312;8949;3363;213;933,8146973;4,6;-76
76520;76520;Valle del Cauca;Palmira;349294;275254;74040;1044;1011,198853;3,5;-76,3
76563;76563;Valle del Cauca;Pradera;47615;41422;6193;369;1061,220337;3,4;-76,2
76606;76606;Valle del Cauca;Restrepo;15307;10047;5260;248;1394,507813;3,8;-76,5
76616;76616;Valle del Cauca;Riofrío;15554;7358;8196;317;943,3064575;4,2;-76,3
76622;76622;Valle del Cauca;Roldanillo;36797;27626;9171;209;939,9254761;4,4;-76,2
76670;76670;Valle del Cauca;San Pedro;16942;7571;9371;197;992,2598877;4;-76,2
76736;76736;Valle del Cauca;Sevilla;42133;31816;10317;639;1615,905884;4,3;-75,9
76823;76823;Valle del Cauca;Toro;14612;9968;4644;194;950,4815674;4,6;-76,1
76828;76828;Valle del Cauca;Trujillo;19226;8857;10369;232;1310,305054;4,2;-76,3
76834;76834;Valle del Cauca;Tuluá;212685;174951;37734;818;971,6095581;4,1;-76,2
76845;76845;Valle del Cauca;Ulloa;5465;2549;2916;43;1371,873291;4,7;-75,7
76863;76863;Valle del Cauca;Versalles;7263;4094;3169;462;1844,31665;4,6;-76,2
76869;76869;Valle del Cauca;Vijes;12734;7899;4835;122;974,947937;3,7;-76,4
76890;76890;Valle del Cauca;Yotoco;16019;8326;7693;390;959,942627;3,9;-76,4
76892;76892;Valle del Cauca;Yumbo;107334;92630;14704;243;962,7299194;3,5;-76,5
76895;76895;Valle del Cauca;Zarzal;41925;31812;10113;371;921,8764648;4,4;-76,1
81001;81001;Arauca;Arauca;85585;74195;11390;5751;126,2602158;7,1;-70,7
81065;81065;Arauca;Arauquita;49841;13720;36121;3060;159,1287537;7;-71,4
81220;81220;Arauca;Cravo Norte;3925;2682;1243;5221;103,2294312;6,3;-70,2
81300;81300;Arauca;Fortul;18938;9886;9052;1024;237,0014954;6,8;-71,8
81591;81591;Arauca;Puerto Rondón;4399;2952;1447;2313;137,5294952;6,3;-71,1
81736;81736;Arauca;Saravena;55554;42415;13139;907;221,5110016;7;-71,9
81794;81794;Arauca;Tame;43932;26784;17148;5542;323,5222168;6,5;-71,7
85001;85001;Casanare;Yopal;168433;143619;24814;2532;356,8855591;5,3;-72,4
85010;85010;Casanare;Aguazul;36915;26517;10398;1455;280,9135742;5,2;-72,6
85015;85015;Casanare;Chameza;2500;1499;1001;289;1121,611572;5,2;-72,9
85125;85125;Casanare;Hato Corozal;12328;5167;7161;5581;252;6,2;-71,8
85136;85136;Casanare;La Salina;1417;636;781;194;1484,952515;6,1;-72,3
85139;85139;Casanare;Maní;17211;11216;5995;3784;175;4,8;-72,3
85162;85162;Casanare;Monterrey;17537;12178;5359;759;447,3443604;4,9;-72,9
85225;85225;Casanare;Nunchía;8826;1904;6922;1101;401,9914551;5,6;-72,2
85230;85230;Casanare;Orocué;12340;5376;6964;4789;135,8963623;4,8;-71,3
85250;85250;Casanare;Paz de Ariporo;36277;24933;11344;12114;272;5,9;-71,9
85263;85263;Casanare;Pore;11967;6822;5145;786;280,8642578;5,7;-72
85279;85279;Casanare;Recetor;1634;312;1322;179;776,1742554;5,2;-72,8
85300;85300;Casanare;Sabanalarga;3625;1781;1844;408;471,4736328;4,9;-73
85315;85315;Casanare;Sácama;2090;1020;1070;291;1300,978149;6,1;-72,2
85325;85325;Casanare;San Luis de Palenque;8466;3058;5408;3057;172,8578033;5,4;-71,7
85400;85400;Casanare;Támara;6873;1634;5239;1136;1118,285034;5,8;-72,2
85410;85410;Casanare;Tauramena;23527;14549;8978;2391;449,6775818;5;-72,8
85430;85430;Casanare;Trinidad;13233;6891;6342;2991;167,1138916;5,4;-71,7
85440;85440;Casanare;Villanueva;35305;26322;8983;803;286,377533;4,6;-72,9
86001;86001;Putumayo;Mocoa;56398;38457;17941;1030;610,2324829;1,2;-76,7
86219;86219;Putumayo;Colón;5407;3419;1988;77;2094,730713;1,2;-77
86320;86320;Putumayo;Orito;37745;19833;17912;2026;336,7391052;0,7;-76,9
86568;86568;Putumayo;Puerto Asís;64867;38901;25966;2610;254,0436707;0,5;-76,5
86569;86569;Putumayo;Puerto Caicedo;16095;6089;10006;846;274,2341614;0,7;-76,6
86571;86571;Putumayo;Puerto Guzmán;35390;4629;30761;4340;275,8468323;1;-76,4
86573;86573;Putumayo;Leguízamo;28468;12755;15713;10483;188,5940247;-0,2;-74,8
86749;86749;Putumayo;Sibundoy;14940;10059;4881;64;2104,310303;1,2;-76,9
86755;86755;Putumayo;San Francisco;5645;3385;2260;480;2196,12207;1,2;-76,9
86757;86757;Putumayo;San Miguel;18780;4912;13868;361;297,3139648;0,3;-76,9
86760;86760;Putumayo;Santiago;7290;3476;3814;445;2102,873291;1,1;-77
86865;86865;Putumayo;Valle del Guamuez;33457;14882;18575;873;316,3370972;0,4;-76,8
86885;86885;Putumayo;Villagarzón;23700;13742;9958;1250;422,9716492;1;-76,6
88001;88001;Archipiélago de San Andrés;San Andrés;55291;41400;13891;24;10,2873373;12,5;-81,7
88564;88564;Archipiélago de San Andrés;Providencia;5989;3493;2496;20;67,86502838;13,3;-81,4
91001;91001;Amazonas;Leticia;48144;33503;14641;5829;79,61878967;-4,2;-69,9
91263;91263;Amazonas;El Encanto (ANM);2100;0;2100;18638,28875;120,1676254;-1,7;-73,2
91405;91405;Amazonas;La Chorrera (ANM);2967;0;2967;14857,78949;119,8431015;-1,4;-72,7
91407;91407;Amazonas;La Pedrera (ANM);3820;0;3820;18828,6736;77,04336548;-1,3;-69,6
91430;91430;Amazonas;La Victoria (ANM);644;0;644;4235,091668;172,0909271;-0,1;-71,1
91460;91460;Amazonas;Miriti - Paraná (ANM);1850;0;1850;5975,753198;164,6275635;-0,7;-71
91530;91530;Amazonas;Puerto Alegría (ANM);748;0;748;7238,509888;151,5427246;-1;-74
91536;91536;Amazonas;Puerto Arica (ANM);1013;0;1013;5284,151072;109,7274475;-2,1;-71,7
91540;91540;Amazonas;Puerto Nariño;9744;3544;6200;1475;80,91806793;-3,8;-70,4
91669;91669;Amazonas;Puerto Santander (ANM);1758;0;1758;11162,76914;111,392189;-0,6;-72,4
91798;91798;Amazonas;Tarapacá (ANM);3801;0;3801;16139,9732;67,0102005;-2,9;-69,7
94001;94001;Guainía;Inírida;31514;20279;11235;16165;98,99858856;3,9;-67,9
94343;94343;Guainía;Barranco Minas (ANM);8088;0;8088;12747,23026;127,9069595;3,5;-69,8
94663;94663;Guainía;Mapiripana (ANM);1022;0;1022;7597,021228;124,6876068;2,6;-68,1
94883;94883;Guainía;San Felipe (ANM);1667;0;1667;5213,693886;122,7624512;1,9;-67,1
94884;94884;Guainía;Puerto Colombia (ANM);1874;0;1874;12265,80342;83,87667847;2,7;-67,6
94885;94885;Guainía;La Guadalupe (ANM);279;0;279;904,6592131;110,1485977;1,4;-67
94886;94886;Guainía;Cacahual (ANM);863;0;863;6269,129635;97,98755646;3,5;-67,4
94887;94887;Guainía;Pana Pana (ANM);1899;0;1899;8059,931644;164,2592773;1,8;-69
94888;94888;Guainía;Morichal (ANM);908;0;908;3015,53071;150,1159363;2,3;-69,9
95001;95001;Guaviare;San José del Guaviare;52815;36354;16461;13912;185;2,6;-72,6
95015;95015;Guaviare;Calamar;9528;4339;5189;16200;236,7661285;1,9;-72,6
95025;95025;Guaviare;El Retorno;13653;3355;10298;10434;203,0799866;2,3;-72,6
95200;95200;Guaviare;Miraflores;6771;1943;4828;12914;210,7169342;1,3;-72
97001;97001;Vaupés;Mitú;29850;9746;20104;16455;171,3693695;1,3;-70,2
97161;97161;Vaupés;Caruru;2915;1387;1528;6981;193,0123291;1;-71,3
97511;97511;Vaupés;Pacoa (ANM);4042;0;4042;17508,16013;158,067215;0,1;-71,2
97666;97666;Vaupés;Taraira;2215;957;1258;6619;120,143486;-0,6;-69,6
97777;97777;Vaupés;Papunaua (ANM);727;0;727;2665,786934;189,5419159;1,8;-70,7
97889;97889;Vaupés;Yavaraté (ANM);1048;0;1048;3906,05294;110,4976883;0,6;-69,2
99001;99001;Vichada;Puerto Carreño;20936;14974;5962;12409;55,02175522;6,2;-67,5
99524;99524;Vichada;La Primavera;10122;5586;4536;20141;117,8877182;5,5;-70,4
99624;99624;Vichada;Santa Rosalía;4059;2383;1676;2018;116,4205017;5,1;-70,9
99773;99773;Vichada;Cumaribo;72691;2890;69801;65674;161,9347687;4,4;-69,8